Source_DC,SKU,Batch_ID,AvailableStock,ShelfLifeDays,PerUnitPrice
DC_1,SKU_1,SKU_1_Batch_1,398,17,8.402282990720948
DC_1,SKU_1,SKU_1_Batch_2,156,10,2.82530733213403
DC_1,SKU_1,SKU_1_Batch_3,238,23,8.214560293019826
DC_1,SKU_1,SKU_1_Batch_4,152,28,2.0459996084880774
DC_1,SKU_2,SKU_2_Batch_1,264,13,3.1494579820876423
DC_1,SKU_2,SKU_2_Batch_2,137,23,7.077272573276906
DC_1,SKU_2,SKU_2_Batch_3,149,10,8.766868080344105
DC_1,SKU_3,SKU_3_Batch_1,199,23,3.647776835784467
DC_1,SKU_3,SKU_3_Batch_2,307,26,4.28112864954576
DC_1,SKU_3,SKU_3_Batch_3,463,8,6.065526360437289
DC_1,SKU_4,SKU_4_Batch_1,241,23,3.2983688551590697
DC_1,SKU_4,SKU_4_Batch_2,210,14,8.394828223493798
DC_1,SKU_5,SKU_5_Batch_1,71,14,8.075911482548968
DC_1,SKU_5,SKU_5_Batch_2,394,19,2.7349795517091438
DC_1,SKU_6,SKU_6_Batch_1,108,12,5.442552720441373
DC_1,SKU_6,SKU_6_Batch_2,237,18,8.086036016564282
DC_1,SKU_6,SKU_6_Batch_3,320,17,4.367301014379025
DC_1,SKU_7,SKU_7_Batch_1,413,25,6.881407993100719
DC_1,SKU_7,SKU_7_Batch_2,293,27,1.9268115323893682
DC_1,SKU_7,SKU_7_Batch_3,180,7,6.673854464499203
DC_1,SKU_8,SKU_8_Batch_1,184,23,2.7975503300051594
DC_1,SKU_8,SKU_8_Batch_2,378,9,8.559958263472836
DC_1,SKU_8,SKU_8_Batch_3,323,6,4.521320440434067
DC_1,SKU_9,SKU_9_Batch_1,365,16,3.8932078331896633
DC_1,SKU_10,SKU_10_Batch_1,314,28,8.647556302047622
DC_1,SKU_10,SKU_10_Batch_2,102,4,1.9262241961103868
DC_1,SKU_11,SKU_11_Batch_1,141,17,4.871174794341931
DC_1,SKU_11,SKU_11_Batch_2,493,9,4.645030094887767
DC_1,SKU_11,SKU_11_Batch_3,477,10,3.9208031811211823
DC_1,SKU_11,SKU_11_Batch_4,480,5,9.249911822012555
DC_1,SKU_12,SKU_12_Batch_1,469,20,7.882891344892139
DC_1,SKU_13,SKU_13_Batch_1,51,8,2.0433468956314798
DC_1,SKU_13,SKU_13_Batch_2,103,12,7.57484332019711
DC_1,SKU_13,SKU_13_Batch_3,309,24,5.982042631594749
DC_1,SKU_13,SKU_13_Batch_4,240,20,9.157377102413424
DC_1,SKU_14,SKU_14_Batch_1,93,4,4.160037747461047
DC_1,SKU_14,SKU_14_Batch_2,251,6,6.380376996681455
DC_1,SKU_15,SKU_15_Batch_1,239,10,5.756419835298381
DC_1,SKU_15,SKU_15_Batch_2,262,18,5.661267702934649
DC_1,SKU_15,SKU_15_Batch_3,286,20,5.376895895896308
DC_1,SKU_15,SKU_15_Batch_4,416,23,3.247850542024391
DC_1,SKU_16,SKU_16_Batch_1,266,15,7.923534341185339
DC_1,SKU_16,SKU_16_Batch_2,90,17,5.336356278283954
DC_1,SKU_17,SKU_17_Batch_1,114,27,9.647388337522148
DC_1,SKU_17,SKU_17_Batch_2,376,11,3.7168716311385985
DC_1,SKU_17,SKU_17_Batch_3,393,3,7.303322636829849
DC_1,SKU_17,SKU_17_Batch_4,185,26,9.496095176932421
DC_1,SKU_17,SKU_17_Batch_5,112,13,7.1393957456367865
DC_1,SKU_18,SKU_18_Batch_1,130,10,8.905819714747853
DC_1,SKU_18,SKU_18_Batch_2,212,5,8.533588157934552
DC_1,SKU_18,SKU_18_Batch_3,338,29,4.561000581656533
DC_1,SKU_19,SKU_19_Batch_1,280,28,6.601053489485721
DC_1,SKU_19,SKU_19_Batch_2,90,9,2.8282213883965226
DC_1,SKU_19,SKU_19_Batch_3,250,10,6.051970002912596
DC_1,SKU_19,SKU_19_Batch_4,317,4,3.4585867604218663
DC_1,SKU_19,SKU_19_Batch_5,82,18,7.821762927095787
DC_1,SKU_20,SKU_20_Batch_1,148,14,5.988496586083059
DC_1,SKU_20,SKU_20_Batch_2,409,24,4.995432582369114
DC_1,SKU_20,SKU_20_Batch_3,84,3,3.7847753174193093
DC_1,SKU_20,SKU_20_Batch_4,276,7,9.988937095650938
DC_1,SKU_20,SKU_20_Batch_5,480,16,2.109539427521928
DC_1,SKU_21,SKU_21_Batch_1,306,7,1.8702657848655702
DC_1,SKU_21,SKU_21_Batch_2,267,25,3.346687904197849
DC_1,SKU_21,SKU_21_Batch_3,304,16,9.754115898336467
DC_1,SKU_22,SKU_22_Batch_1,442,17,9.823524430719868
DC_1,SKU_22,SKU_22_Batch_2,64,28,7.066885745563155
DC_1,SKU_22,SKU_22_Batch_3,91,15,8.980906671254441
DC_1,SKU_23,SKU_23_Batch_1,112,9,3.318674712146761
DC_1,SKU_23,SKU_23_Batch_2,290,22,9.7623578005013
DC_1,SKU_23,SKU_23_Batch_3,145,6,2.7136712261862996
DC_1,SKU_24,SKU_24_Batch_1,456,9,2.3595640995440954
DC_1,SKU_24,SKU_24_Batch_2,286,17,2.4537980836018196
DC_1,SKU_24,SKU_24_Batch_3,220,6,6.3715873478168
DC_1,SKU_24,SKU_24_Batch_4,62,9,8.138282406103446
DC_1,SKU_24,SKU_24_Batch_5,236,21,4.616671011934381
DC_1,SKU_25,SKU_25_Batch_1,115,12,9.812115896182075
DC_1,SKU_25,SKU_25_Batch_2,94,27,5.192571174005801
DC_1,SKU_25,SKU_25_Batch_3,183,14,2.7788126815723384
DC_1,SKU_25,SKU_25_Batch_4,93,22,5.460717359582162
DC_1,SKU_26,SKU_26_Batch_1,177,28,7.271815906090739
DC_1,SKU_26,SKU_26_Batch_2,397,27,8.57391913428722
DC_1,SKU_26,SKU_26_Batch_3,280,3,5.39953046463104
DC_1,SKU_27,SKU_27_Batch_1,426,29,6.545658021417924
DC_1,SKU_28,SKU_28_Batch_1,165,15,3.7724300533502535
DC_1,SKU_29,SKU_29_Batch_1,308,9,6.990290474446869
DC_1,SKU_30,SKU_30_Batch_1,186,7,9.880761523577922
DC_1,SKU_30,SKU_30_Batch_2,274,21,1.9169553669962478
DC_1,SKU_30,SKU_30_Batch_3,283,14,9.035510700993926
DC_1,SKU_31,SKU_31_Batch_1,423,26,6.279401273523944
DC_1,SKU_31,SKU_31_Batch_2,282,22,3.6428386062795495
DC_1,SKU_31,SKU_31_Batch_3,162,19,9.616562535078693
DC_1,SKU_32,SKU_32_Batch_1,101,14,5.608511576000641
DC_1,SKU_32,SKU_32_Batch_2,344,4,4.319367139223777
DC_1,SKU_33,SKU_33_Batch_1,162,7,3.0427298403021497
DC_1,SKU_33,SKU_33_Batch_2,162,26,3.5778437871816275
DC_1,SKU_33,SKU_33_Batch_3,130,29,8.579216853527262
DC_1,SKU_34,SKU_34_Batch_1,51,4,6.722485079195909
DC_1,SKU_35,SKU_35_Batch_1,103,25,9.262587765650686
DC_1,SKU_35,SKU_35_Batch_2,273,3,3.4717318433411797
DC_1,SKU_35,SKU_35_Batch_3,434,21,2.5296778777156623
DC_1,SKU_35,SKU_35_Batch_4,175,4,1.551744013292515
DC_1,SKU_36,SKU_36_Batch_1,221,28,5.816827319735947
DC_1,SKU_36,SKU_36_Batch_2,209,8,9.985608908246899
DC_1,SKU_36,SKU_36_Batch_3,465,25,7.407204784958431
DC_1,SKU_36,SKU_36_Batch_4,373,25,4.121354031703742
DC_1,SKU_36,SKU_36_Batch_5,252,26,8.953297955722459
DC_1,SKU_37,SKU_37_Batch_1,450,8,8.144639260897657
DC_1,SKU_37,SKU_37_Batch_2,329,7,1.6310289116505836
DC_1,SKU_37,SKU_37_Batch_3,421,4,8.44331408459869
DC_1,SKU_38,SKU_38_Batch_1,289,18,4.054477436527216
DC_1,SKU_38,SKU_38_Batch_2,146,11,2.772224448960609
DC_1,SKU_38,SKU_38_Batch_3,173,29,3.423812137765134
DC_1,SKU_39,SKU_39_Batch_1,308,22,5.482928337188682
DC_1,SKU_39,SKU_39_Batch_2,301,29,5.1113773800780935
DC_1,SKU_39,SKU_39_Batch_3,469,21,3.9555420446809273
DC_1,SKU_39,SKU_39_Batch_4,395,5,2.963855738759778
DC_1,SKU_39,SKU_39_Batch_5,196,22,7.978961711958439
DC_1,SKU_40,SKU_40_Batch_1,466,10,9.915933161746795
DC_1,SKU_40,SKU_40_Batch_2,177,9,8.11122843356737
DC_1,SKU_40,SKU_40_Batch_3,387,10,4.015464225208101
DC_1,SKU_40,SKU_40_Batch_4,178,13,3.5808761720031335
DC_1,SKU_41,SKU_41_Batch_1,490,27,3.350159946560475
DC_1,SKU_41,SKU_41_Batch_2,483,25,2.6619081331568086
DC_1,SKU_41,SKU_41_Batch_3,464,12,6.18630967238456
DC_1,SKU_41,SKU_41_Batch_4,148,9,6.645903161603425
DC_1,SKU_42,SKU_42_Batch_1,193,28,7.496772615636667
DC_1,SKU_42,SKU_42_Batch_2,161,27,7.281813652936178
DC_1,SKU_42,SKU_42_Batch_3,109,19,3.984833145908751
DC_1,SKU_42,SKU_42_Batch_4,51,3,4.307643545873196
DC_1,SKU_43,SKU_43_Batch_1,86,29,7.292873551259872
DC_1,SKU_43,SKU_43_Batch_2,58,11,4.470304946660841
DC_1,SKU_43,SKU_43_Batch_3,148,21,3.3072971117641607
DC_1,SKU_43,SKU_43_Batch_4,353,18,4.681857306422286
DC_1,SKU_44,SKU_44_Batch_1,453,26,3.81271533941281
DC_1,SKU_44,SKU_44_Batch_2,103,26,2.2506581303579116
DC_1,SKU_44,SKU_44_Batch_3,210,26,8.556180669351555
DC_1,SKU_45,SKU_45_Batch_1,124,19,8.751446807834808
DC_1,SKU_45,SKU_45_Batch_2,469,8,3.3678775514184753
DC_1,SKU_45,SKU_45_Batch_3,153,22,2.0505636959642146
DC_1,SKU_45,SKU_45_Batch_4,303,5,7.780033217485026
DC_1,SKU_46,SKU_46_Batch_1,148,27,3.2979933198390166
DC_1,SKU_47,SKU_47_Batch_1,451,16,4.8442016602133116
DC_1,SKU_47,SKU_47_Batch_2,387,4,2.0451496440177577
DC_1,SKU_47,SKU_47_Batch_3,359,5,3.4232914704466992
DC_1,SKU_47,SKU_47_Batch_4,257,11,8.239669365801905
DC_1,SKU_47,SKU_47_Batch_5,210,6,8.337369798779216
DC_1,SKU_48,SKU_48_Batch_1,447,23,3.2602210115455383
DC_1,SKU_49,SKU_49_Batch_1,433,10,4.355267683406861
DC_1,SKU_49,SKU_49_Batch_2,184,5,2.6410265622968203
DC_1,SKU_49,SKU_49_Batch_3,450,3,2.13046735742184
DC_1,SKU_49,SKU_49_Batch_4,225,14,9.933459572811481
DC_1,SKU_50,SKU_50_Batch_1,420,24,7.072548585581133
DC_1,SKU_50,SKU_50_Batch_2,424,24,6.107820328185709
DC_1,SKU_50,SKU_50_Batch_3,287,8,8.006737253445046
DC_2,SKU_1,SKU_1_Batch_1,100,24,8.640655857345655
DC_2,SKU_1,SKU_1_Batch_2,313,29,8.357075528380184
DC_2,SKU_1,SKU_1_Batch_3,76,4,1.6405853189639512
DC_2,SKU_1,SKU_1_Batch_4,326,3,3.087867134619237
DC_2,SKU_1,SKU_1_Batch_5,333,17,7.066695068001564
DC_2,SKU_2,SKU_2_Batch_1,366,18,4.693954456333685
DC_2,SKU_3,SKU_3_Batch_1,53,5,9.85110253401941
DC_2,SKU_3,SKU_3_Batch_2,241,19,7.155940737425159
DC_2,SKU_3,SKU_3_Batch_3,66,14,9.630665724198256
DC_2,SKU_4,SKU_4_Batch_1,207,16,3.2122950939892476
DC_2,SKU_4,SKU_4_Batch_2,422,8,8.843634738977695
DC_2,SKU_4,SKU_4_Batch_3,148,11,4.231494599429416
DC_2,SKU_4,SKU_4_Batch_4,86,26,9.911300870021357
DC_2,SKU_5,SKU_5_Batch_1,351,23,2.840353712621752
DC_2,SKU_5,SKU_5_Batch_2,144,5,5.888888460125776
DC_2,SKU_5,SKU_5_Batch_3,237,3,8.239178537615537
DC_2,SKU_5,SKU_5_Batch_4,165,23,5.177461085134305
DC_2,SKU_5,SKU_5_Batch_5,465,25,5.478714511594998
DC_2,SKU_6,SKU_6_Batch_1,305,5,9.8840242617988
DC_2,SKU_7,SKU_7_Batch_1,330,12,5.115119277559803
DC_2,SKU_7,SKU_7_Batch_2,272,24,6.6346128550920405
DC_2,SKU_8,SKU_8_Batch_1,372,10,1.963587115738781
DC_2,SKU_8,SKU_8_Batch_2,223,26,8.65878568178721
DC_2,SKU_9,SKU_9_Batch_1,337,17,7.00942841632612
DC_2,SKU_9,SKU_9_Batch_2,391,25,4.934170874333915
DC_2,SKU_10,SKU_10_Batch_1,176,29,1.637441089613418
DC_2,SKU_10,SKU_10_Batch_2,435,28,6.5291849750447835
DC_2,SKU_11,SKU_11_Batch_1,153,3,1.6075915421153786
DC_2,SKU_12,SKU_12_Batch_1,348,24,1.5102307182266523
DC_2,SKU_13,SKU_13_Batch_1,219,25,6.736837778269514
DC_2,SKU_13,SKU_13_Batch_2,75,5,3.106645072343711
DC_2,SKU_13,SKU_13_Batch_3,355,27,3.13104417260381
DC_2,SKU_13,SKU_13_Batch_4,457,15,7.052808309578322
DC_2,SKU_13,SKU_13_Batch_5,365,28,1.9564260974846814
DC_2,SKU_14,SKU_14_Batch_1,85,15,4.163947272533729
DC_2,SKU_15,SKU_15_Batch_1,370,10,2.7701711682071624
DC_2,SKU_15,SKU_15_Batch_2,449,16,6.431499143270538
DC_2,SKU_15,SKU_15_Batch_3,420,25,7.125003815182865
DC_2,SKU_15,SKU_15_Batch_4,192,4,7.62965475559187
DC_2,SKU_16,SKU_16_Batch_1,337,25,3.669465343807806
DC_2,SKU_16,SKU_16_Batch_2,496,24,2.258622888910964
DC_2,SKU_17,SKU_17_Batch_1,202,28,2.1688110840061317
DC_2,SKU_17,SKU_17_Batch_2,112,24,5.122288161831152
DC_2,SKU_17,SKU_17_Batch_3,363,28,9.539677477033077
DC_2,SKU_18,SKU_18_Batch_1,229,12,3.3506967910997094
DC_2,SKU_19,SKU_19_Batch_1,493,7,3.682303611403169
DC_2,SKU_19,SKU_19_Batch_2,313,23,2.3575548178998007
DC_2,SKU_19,SKU_19_Batch_3,109,14,6.647347328098407
DC_2,SKU_20,SKU_20_Batch_1,54,9,7.278919428550987
DC_2,SKU_20,SKU_20_Batch_2,245,8,6.96491526936646
DC_2,SKU_20,SKU_20_Batch_3,414,22,8.819607065880641
DC_2,SKU_20,SKU_20_Batch_4,399,17,5.63461959772161
DC_2,SKU_21,SKU_21_Batch_1,360,10,2.642884846520048
DC_2,SKU_21,SKU_21_Batch_2,357,18,3.9599436109875077
DC_2,SKU_21,SKU_21_Batch_3,318,20,7.13065477408149
DC_2,SKU_22,SKU_22_Batch_1,155,21,6.711536776803259
DC_2,SKU_22,SKU_22_Batch_2,194,26,6.0135266028151815
DC_2,SKU_22,SKU_22_Batch_3,368,21,7.305197558853841
DC_2,SKU_22,SKU_22_Batch_4,141,28,6.917822228173044
DC_2,SKU_23,SKU_23_Batch_1,278,28,8.99126156045209
DC_2,SKU_23,SKU_23_Batch_2,166,25,6.481139208565521
DC_2,SKU_24,SKU_24_Batch_1,445,23,8.11811154895473
DC_2,SKU_25,SKU_25_Batch_1,107,28,3.614010825714977
DC_2,SKU_26,SKU_26_Batch_1,288,4,7.264551969007078
DC_2,SKU_27,SKU_27_Batch_1,286,23,9.168650006252744
DC_2,SKU_28,SKU_28_Batch_1,321,9,4.778724787148583
DC_2,SKU_29,SKU_29_Batch_1,327,25,8.122385592378496
DC_2,SKU_29,SKU_29_Batch_2,125,28,7.660709060161201
DC_2,SKU_29,SKU_29_Batch_3,193,21,2.005972673410491
DC_2,SKU_29,SKU_29_Batch_4,135,27,6.442820631804614
DC_2,SKU_29,SKU_29_Batch_5,334,16,2.60660946820682
DC_2,SKU_30,SKU_30_Batch_1,118,17,9.722212963960025
DC_2,SKU_30,SKU_30_Batch_2,143,16,8.396963772955578
DC_2,SKU_30,SKU_30_Batch_3,495,22,2.432652310600521
DC_2,SKU_30,SKU_30_Batch_4,253,18,2.5348919800052663
DC_2,SKU_31,SKU_31_Batch_1,481,23,6.553027766757261
DC_2,SKU_31,SKU_31_Batch_2,88,6,4.431557980472059
DC_2,SKU_32,SKU_32_Batch_1,303,7,1.7966998021214289
DC_2,SKU_33,SKU_33_Batch_1,59,24,6.103952816580951
DC_2,SKU_33,SKU_33_Batch_2,374,6,4.796683347329699
DC_2,SKU_34,SKU_34_Batch_1,229,12,2.3591501851598125
DC_2,SKU_34,SKU_34_Batch_2,299,21,8.316323334175852
DC_2,SKU_35,SKU_35_Batch_1,145,3,9.278152504869851
DC_2,SKU_35,SKU_35_Batch_2,374,15,7.931048439120105
DC_2,SKU_36,SKU_36_Batch_1,65,26,8.490589635138356
DC_2,SKU_36,SKU_36_Batch_2,385,25,3.3401698217619975
DC_2,SKU_36,SKU_36_Batch_3,307,19,3.7403700828081083
DC_2,SKU_36,SKU_36_Batch_4,433,29,3.272484092543096
DC_2,SKU_37,SKU_37_Batch_1,201,14,8.003039166607294
DC_2,SKU_37,SKU_37_Batch_2,227,5,9.557295170943226
DC_2,SKU_37,SKU_37_Batch_3,429,3,7.593116257238172
DC_2,SKU_37,SKU_37_Batch_4,466,21,8.992467501476227
DC_2,SKU_38,SKU_38_Batch_1,150,14,6.928942306506967
DC_2,SKU_38,SKU_38_Batch_2,372,3,4.795109154749792
DC_2,SKU_38,SKU_38_Batch_3,466,10,5.118973726907594
DC_2,SKU_39,SKU_39_Batch_1,92,14,2.140232173422941
DC_2,SKU_39,SKU_39_Batch_2,334,15,1.7673861595912217
DC_2,SKU_40,SKU_40_Batch_1,144,16,7.411542635607158
DC_2,SKU_40,SKU_40_Batch_2,435,21,5.226645582095035
DC_2,SKU_40,SKU_40_Batch_3,291,5,6.1938280784643505
DC_2,SKU_40,SKU_40_Batch_4,264,19,6.240120604790539
DC_2,SKU_41,SKU_41_Batch_1,313,28,3.857694413333062
DC_2,SKU_41,SKU_41_Batch_2,139,4,5.545086342050671
DC_2,SKU_42,SKU_42_Batch_1,154,9,5.50146188417547
DC_2,SKU_42,SKU_42_Batch_2,245,28,4.801631380436785
DC_2,SKU_42,SKU_42_Batch_3,163,15,8.4757407589091
DC_2,SKU_43,SKU_43_Batch_1,462,26,5.334894031344565
DC_2,SKU_43,SKU_43_Batch_2,469,27,6.630978458300897
DC_2,SKU_43,SKU_43_Batch_3,326,27,9.111921023237022
DC_2,SKU_44,SKU_44_Batch_1,443,7,8.86298579430084
DC_2,SKU_44,SKU_44_Batch_2,457,5,9.068588732122905
DC_2,SKU_44,SKU_44_Batch_3,226,5,3.7950424699526186
DC_2,SKU_44,SKU_44_Batch_4,85,20,1.797351150618534
DC_2,SKU_45,SKU_45_Batch_1,145,26,3.7190677991102983
DC_2,SKU_46,SKU_46_Batch_1,317,19,3.8690124377760235
DC_2,SKU_46,SKU_46_Batch_2,232,15,9.22956277716223
DC_2,SKU_46,SKU_46_Batch_3,328,27,7.01856322912275
DC_2,SKU_46,SKU_46_Batch_4,404,11,2.1944836566189445
DC_2,SKU_46,SKU_46_Batch_5,335,19,2.6507180660943597
DC_2,SKU_47,SKU_47_Batch_1,111,22,2.823247067106791
DC_2,SKU_48,SKU_48_Batch_1,391,15,6.8585848594358465
DC_2,SKU_49,SKU_49_Batch_1,68,19,7.751019216809526
DC_2,SKU_49,SKU_49_Batch_2,149,14,8.806973239805867
DC_2,SKU_49,SKU_49_Batch_3,494,11,9.495410681853066
DC_2,SKU_50,SKU_50_Batch_1,125,11,3.2144887377847553
DC_2,SKU_50,SKU_50_Batch_2,333,16,4.133066120154417
DC_2,SKU_50,SKU_50_Batch_3,272,22,3.5427444863310606
DC_3,SKU_1,SKU_1_Batch_1,416,18,4.549473323462171
DC_3,SKU_1,SKU_1_Batch_2,422,7,9.27465341310187
DC_3,SKU_1,SKU_1_Batch_3,148,14,6.388456818984573
DC_3,SKU_2,SKU_2_Batch_1,485,29,7.7746311272582425
DC_3,SKU_3,SKU_3_Batch_1,102,25,5.666013507077647
DC_3,SKU_3,SKU_3_Batch_2,193,27,1.7452922633570584
DC_3,SKU_3,SKU_3_Batch_3,88,15,2.0456616309814217
DC_3,SKU_3,SKU_3_Batch_4,230,12,6.072345765777029
DC_3,SKU_3,SKU_3_Batch_5,235,9,7.609706795970218
DC_3,SKU_4,SKU_4_Batch_1,182,5,3.330309483994218
DC_3,SKU_4,SKU_4_Batch_2,264,13,7.636231378934585
DC_3,SKU_5,SKU_5_Batch_1,195,17,8.390659074609855
DC_3,SKU_5,SKU_5_Batch_2,125,11,5.001128566077945
DC_3,SKU_5,SKU_5_Batch_3,123,28,7.844563479174892
DC_3,SKU_6,SKU_6_Batch_1,450,8,4.93425457779191
DC_3,SKU_6,SKU_6_Batch_2,56,16,7.26598035036767
DC_3,SKU_6,SKU_6_Batch_3,190,10,7.993974919216116
DC_3,SKU_6,SKU_6_Batch_4,219,11,9.931376255618941
DC_3,SKU_7,SKU_7_Batch_1,332,28,4.435871627540567
DC_3,SKU_7,SKU_7_Batch_2,243,7,4.993846634884197
DC_3,SKU_8,SKU_8_Batch_1,214,8,2.9077705049864564
DC_3,SKU_8,SKU_8_Batch_2,388,10,3.2346209964153587
DC_3,SKU_8,SKU_8_Batch_3,414,3,7.39385752208621
DC_3,SKU_8,SKU_8_Batch_4,391,22,9.294887516313047
DC_3,SKU_8,SKU_8_Batch_5,194,9,4.854142089120545
DC_3,SKU_9,SKU_9_Batch_1,350,6,3.0286777981021005
DC_3,SKU_10,SKU_10_Batch_1,119,21,3.9233457447554496
DC_3,SKU_10,SKU_10_Batch_2,494,14,5.367939490869178
DC_3,SKU_10,SKU_10_Batch_3,231,9,3.970527799605631
DC_3,SKU_10,SKU_10_Batch_4,140,12,3.4854222065358633
DC_3,SKU_11,SKU_11_Batch_1,68,9,7.755868154435176
DC_3,SKU_11,SKU_11_Batch_2,175,5,1.5666818305452972
DC_3,SKU_12,SKU_12_Batch_1,190,20,6.083459482360107
DC_3,SKU_12,SKU_12_Batch_2,269,28,8.247017859752908
DC_3,SKU_12,SKU_12_Batch_3,197,10,3.7629404336984797
DC_3,SKU_12,SKU_12_Batch_4,366,11,6.627977840202147
DC_3,SKU_12,SKU_12_Batch_5,472,3,7.185650897758252
DC_3,SKU_13,SKU_13_Batch_1,397,27,7.067709919443264
DC_3,SKU_13,SKU_13_Batch_2,240,19,5.2897218906891
DC_3,SKU_13,SKU_13_Batch_3,458,26,4.445912896944123
DC_3,SKU_14,SKU_14_Batch_1,471,23,8.605354620736414
DC_3,SKU_15,SKU_15_Batch_1,93,15,7.946790634498846
DC_3,SKU_15,SKU_15_Batch_2,209,15,4.230668974018256
DC_3,SKU_16,SKU_16_Batch_1,352,23,2.3756631527587517
DC_3,SKU_16,SKU_16_Batch_2,129,24,2.110364136286488
DC_3,SKU_16,SKU_16_Batch_3,262,13,2.3013458121409567
DC_3,SKU_16,SKU_16_Batch_4,301,7,6.4543895701323635
DC_3,SKU_16,SKU_16_Batch_5,213,5,1.9391284945464125
DC_3,SKU_17,SKU_17_Batch_1,69,27,4.363878437194327
DC_3,SKU_17,SKU_17_Batch_2,451,17,7.90219746627095
DC_3,SKU_17,SKU_17_Batch_3,282,19,4.001959415380714
DC_3,SKU_18,SKU_18_Batch_1,422,24,7.988118656031103
DC_3,SKU_19,SKU_19_Batch_1,193,25,7.83646982475997
DC_3,SKU_19,SKU_19_Batch_2,490,13,3.589530627382339
DC_3,SKU_19,SKU_19_Batch_3,61,12,7.694988530788336
DC_3,SKU_20,SKU_20_Batch_1,457,23,7.856101425312856
DC_3,SKU_20,SKU_20_Batch_2,57,28,4.878358368169728
DC_3,SKU_20,SKU_20_Batch_3,397,6,3.288574111802905
DC_3,SKU_20,SKU_20_Batch_4,139,10,5.930801858580887
DC_3,SKU_21,SKU_21_Batch_1,365,20,9.331879498001669
DC_3,SKU_21,SKU_21_Batch_2,77,7,6.936742225672527
DC_3,SKU_22,SKU_22_Batch_1,277,29,2.96984122983172
DC_3,SKU_23,SKU_23_Batch_1,250,3,7.303433860234919
DC_3,SKU_24,SKU_24_Batch_1,261,15,5.131225731895594
DC_3,SKU_24,SKU_24_Batch_2,269,18,6.527994777520671
DC_3,SKU_24,SKU_24_Batch_3,462,15,7.739544297696417
DC_3,SKU_24,SKU_24_Batch_4,95,5,5.877052487872781
DC_3,SKU_24,SKU_24_Batch_5,302,8,8.418863783873123
DC_3,SKU_25,SKU_25_Batch_1,420,7,7.638322424191336
DC_3,SKU_25,SKU_25_Batch_2,352,27,6.72812339015734
DC_3,SKU_26,SKU_26_Batch_1,59,26,2.781738934574988
DC_3,SKU_26,SKU_26_Batch_2,335,20,8.605567442748331
DC_3,SKU_27,SKU_27_Batch_1,414,7,9.455197475218437
DC_3,SKU_27,SKU_27_Batch_2,168,26,2.664203552379006
DC_3,SKU_27,SKU_27_Batch_3,338,24,5.650049600184159
DC_3,SKU_28,SKU_28_Batch_1,195,17,3.700554306749288
DC_3,SKU_29,SKU_29_Batch_1,316,23,7.913448113117299
DC_3,SKU_30,SKU_30_Batch_1,112,27,7.63385190603995
DC_3,SKU_30,SKU_30_Batch_2,391,29,2.697523524848389
DC_3,SKU_31,SKU_31_Batch_1,226,15,8.954731805723917
DC_3,SKU_31,SKU_31_Batch_2,466,4,3.0382710438130194
DC_3,SKU_31,SKU_31_Batch_3,154,5,8.276701718008914
DC_3,SKU_32,SKU_32_Batch_1,454,18,5.384333056838042
DC_3,SKU_33,SKU_33_Batch_1,246,7,4.290314495244285
DC_3,SKU_33,SKU_33_Batch_2,407,5,2.8450337327308146
DC_3,SKU_33,SKU_33_Batch_3,486,25,2.92472117724635
DC_3,SKU_33,SKU_33_Batch_4,102,7,7.126069714957652
DC_3,SKU_34,SKU_34_Batch_1,132,19,6.178658297550524
DC_3,SKU_34,SKU_34_Batch_2,134,16,2.5377260840354783
DC_3,SKU_35,SKU_35_Batch_1,415,3,2.4579318137257644
DC_3,SKU_36,SKU_36_Batch_1,222,15,2.114639885568727
DC_3,SKU_36,SKU_36_Batch_2,309,3,7.8220224526751245
DC_3,SKU_36,SKU_36_Batch_3,418,10,7.550997724448958
DC_3,SKU_37,SKU_37_Batch_1,397,10,1.9966634222638888
DC_3,SKU_37,SKU_37_Batch_2,88,28,6.26229564257427
DC_3,SKU_38,SKU_38_Batch_1,211,24,2.219747319562864
DC_3,SKU_38,SKU_38_Batch_2,167,5,9.181839050176004
DC_3,SKU_39,SKU_39_Batch_1,355,14,9.210498063031125
DC_3,SKU_39,SKU_39_Batch_2,498,24,7.434980413411606
DC_3,SKU_39,SKU_39_Batch_3,285,7,9.372605832235326
DC_3,SKU_40,SKU_40_Batch_1,362,19,8.397350758516371
DC_3,SKU_40,SKU_40_Batch_2,161,17,8.542577895379921
DC_3,SKU_40,SKU_40_Batch_3,456,17,6.342516729844433
DC_3,SKU_41,SKU_41_Batch_1,390,16,4.101503184837496
DC_3,SKU_41,SKU_41_Batch_2,115,13,3.3512924784895834
DC_3,SKU_41,SKU_41_Batch_3,484,9,4.281200187330898
DC_3,SKU_41,SKU_41_Batch_4,471,4,6.8422111557570275
DC_3,SKU_41,SKU_41_Batch_5,343,20,2.967580554575391
DC_3,SKU_42,SKU_42_Batch_1,387,17,3.698442011417234
DC_3,SKU_42,SKU_42_Batch_2,396,21,5.478517333761448
DC_3,SKU_43,SKU_43_Batch_1,357,27,3.4809258374592322
DC_3,SKU_43,SKU_43_Batch_2,215,3,6.503471192586524
DC_3,SKU_44,SKU_44_Batch_1,79,25,9.346996241878804
DC_3,SKU_44,SKU_44_Batch_2,155,21,7.858759608476575
DC_3,SKU_44,SKU_44_Batch_3,130,7,7.1646262202657605
DC_3,SKU_44,SKU_44_Batch_4,334,6,6.453132545862119
DC_3,SKU_45,SKU_45_Batch_1,233,19,5.647557228685051
DC_3,SKU_45,SKU_45_Batch_2,379,19,3.0857928068946077
DC_3,SKU_46,SKU_46_Batch_1,389,26,9.105038871128357
DC_3,SKU_46,SKU_46_Batch_2,118,4,3.612556017109109
DC_3,SKU_46,SKU_46_Batch_3,311,23,2.2761254594143665
DC_3,SKU_46,SKU_46_Batch_4,499,15,7.875129023443909
DC_3,SKU_47,SKU_47_Batch_1,92,18,2.9927320418149144
DC_3,SKU_47,SKU_47_Batch_2,420,17,4.661115996099996
DC_3,SKU_47,SKU_47_Batch_3,298,25,1.7404218904733277
DC_3,SKU_48,SKU_48_Batch_1,423,18,2.6650775115938083
DC_3,SKU_48,SKU_48_Batch_2,57,6,2.9722308614592525
DC_3,SKU_48,SKU_48_Batch_3,409,6,1.9624860858765125
DC_3,SKU_49,SKU_49_Batch_1,244,5,7.081584131294184
DC_3,SKU_50,SKU_50_Batch_1,142,20,8.614566264326497
DC_3,SKU_50,SKU_50_Batch_2,110,28,4.673180954110498
DC_3,SKU_50,SKU_50_Batch_3,100,21,8.933900052104706
DC_4,SKU_1,SKU_1_Batch_1,54,20,3.3134458837610756
DC_4,SKU_1,SKU_1_Batch_2,141,12,4.265818600270536
DC_4,SKU_1,SKU_1_Batch_3,366,24,2.7812644407649314
DC_4,SKU_1,SKU_1_Batch_4,454,8,6.774753161061488
DC_4,SKU_1,SKU_1_Batch_5,50,7,5.0688915223976085
DC_4,SKU_2,SKU_2_Batch_1,61,28,6.7129084481561385
DC_4,SKU_3,SKU_3_Batch_1,482,16,7.974236695850561
DC_4,SKU_3,SKU_3_Batch_2,267,15,6.138475636280062
DC_4,SKU_4,SKU_4_Batch_1,122,28,6.834858016665197
DC_4,SKU_4,SKU_4_Batch_2,298,17,9.44962767235183
DC_4,SKU_4,SKU_4_Batch_3,170,24,4.042046631675166
DC_4,SKU_5,SKU_5_Batch_1,368,18,4.552893478388602
DC_4,SKU_5,SKU_5_Batch_2,110,19,7.6004785745293635
DC_4,SKU_5,SKU_5_Batch_3,75,6,6.696096894970787
DC_4,SKU_6,SKU_6_Batch_1,57,19,3.017529688587576
DC_4,SKU_7,SKU_7_Batch_1,302,22,4.697252135089166
DC_4,SKU_7,SKU_7_Batch_2,256,17,5.476623111560077
DC_4,SKU_7,SKU_7_Batch_3,176,26,5.064813622731309
DC_4,SKU_8,SKU_8_Batch_1,77,25,3.0153358707373465
DC_4,SKU_8,SKU_8_Batch_2,127,26,9.35765578016623
DC_4,SKU_9,SKU_9_Batch_1,414,28,7.979709474398795
DC_4,SKU_9,SKU_9_Batch_2,63,29,5.591524572916744
DC_4,SKU_10,SKU_10_Batch_1,56,5,7.280518740608111
DC_4,SKU_10,SKU_10_Batch_2,160,25,9.126902713151935
DC_4,SKU_10,SKU_10_Batch_3,287,13,2.657480210073355
DC_4,SKU_11,SKU_11_Batch_1,323,28,3.6281709310093104
DC_4,SKU_11,SKU_11_Batch_2,343,5,6.112960601681483
DC_4,SKU_11,SKU_11_Batch_3,420,17,8.291588156495049
DC_4,SKU_11,SKU_11_Batch_4,241,27,1.8081666112529828
DC_4,SKU_12,SKU_12_Batch_1,77,12,9.864154276669064
DC_4,SKU_12,SKU_12_Batch_2,88,27,5.366706124500376
DC_4,SKU_12,SKU_12_Batch_3,322,9,4.553464695284646
DC_4,SKU_12,SKU_12_Batch_4,135,28,3.988157721638061
DC_4,SKU_12,SKU_12_Batch_5,175,14,2.982032015032409
DC_4,SKU_13,SKU_13_Batch_1,194,15,8.228378225905237
DC_4,SKU_14,SKU_14_Batch_1,74,6,9.62102040034182
DC_4,SKU_14,SKU_14_Batch_2,443,5,5.015980416185885
DC_4,SKU_14,SKU_14_Batch_3,282,15,9.595575905404377
DC_4,SKU_14,SKU_14_Batch_4,195,17,8.50227973119779
DC_4,SKU_15,SKU_15_Batch_1,160,24,5.588934583548705
DC_4,SKU_15,SKU_15_Batch_2,83,17,7.229222522572128
DC_4,SKU_15,SKU_15_Batch_3,313,10,5.197365522948935
DC_4,SKU_15,SKU_15_Batch_4,418,14,6.249148969806695
DC_4,SKU_16,SKU_16_Batch_1,91,11,1.9933938646572824
DC_4,SKU_16,SKU_16_Batch_2,150,8,7.418239540054532
DC_4,SKU_16,SKU_16_Batch_3,229,28,1.949009478115162
DC_4,SKU_17,SKU_17_Batch_1,492,26,8.44522204881702
DC_4,SKU_17,SKU_17_Batch_2,364,15,8.512048900414738
DC_4,SKU_18,SKU_18_Batch_1,426,3,3.515156944227824
DC_4,SKU_18,SKU_18_Batch_2,486,24,4.251133638804302
DC_4,SKU_18,SKU_18_Batch_3,326,8,5.591138217745493
DC_4,SKU_18,SKU_18_Batch_4,119,25,6.5716347089260925
DC_4,SKU_18,SKU_18_Batch_5,161,6,3.942506124806972
DC_4,SKU_19,SKU_19_Batch_1,495,26,6.536134439371363
DC_4,SKU_19,SKU_19_Batch_2,360,11,4.03119012244904
DC_4,SKU_19,SKU_19_Batch_3,296,5,1.9716711291040157
DC_4,SKU_20,SKU_20_Batch_1,80,10,1.5214841735712261
DC_4,SKU_20,SKU_20_Batch_2,278,6,2.3597839923066433
DC_4,SKU_20,SKU_20_Batch_3,457,8,8.234130951394155
DC_4,SKU_21,SKU_21_Batch_1,269,13,9.672166155258365
DC_4,SKU_21,SKU_21_Batch_2,53,17,5.129212693890364
DC_4,SKU_22,SKU_22_Batch_1,143,26,5.857813604324513
DC_4,SKU_23,SKU_23_Batch_1,111,27,2.748209437124122
DC_4,SKU_23,SKU_23_Batch_2,243,17,6.183766497781335
DC_4,SKU_23,SKU_23_Batch_3,252,10,2.729566667059303
DC_4,SKU_24,SKU_24_Batch_1,484,15,6.695321815190056
DC_4,SKU_24,SKU_24_Batch_2,349,7,9.432698674437258
DC_4,SKU_25,SKU_25_Batch_1,167,6,3.1634375840758366
DC_4,SKU_25,SKU_25_Batch_2,324,22,7.998791603485367
DC_4,SKU_26,SKU_26_Batch_1,69,19,1.6997705939557544
DC_4,SKU_27,SKU_27_Batch_1,96,3,4.691726551233778
DC_4,SKU_27,SKU_27_Batch_2,139,16,2.441362316559327
DC_4,SKU_27,SKU_27_Batch_3,369,8,4.496041253563446
DC_4,SKU_27,SKU_27_Batch_4,342,13,2.97506381693051
DC_4,SKU_28,SKU_28_Batch_1,382,13,4.673092416044543
DC_4,SKU_28,SKU_28_Batch_2,308,3,5.048943851914007
DC_4,SKU_28,SKU_28_Batch_3,439,20,4.055024543637806
DC_4,SKU_28,SKU_28_Batch_4,59,7,7.0812865705215975
DC_4,SKU_29,SKU_29_Batch_1,221,4,9.310242435700733
DC_4,SKU_29,SKU_29_Batch_2,62,10,4.905060679894815
DC_4,SKU_30,SKU_30_Batch_1,133,3,3.134916830037682
DC_4,SKU_30,SKU_30_Batch_2,368,7,3.8011434446658585
DC_4,SKU_31,SKU_31_Batch_1,322,11,8.759006999719137
DC_4,SKU_32,SKU_32_Batch_1,448,26,6.358937647796257
DC_4,SKU_32,SKU_32_Batch_2,87,25,5.367593774609137
DC_4,SKU_32,SKU_32_Batch_3,468,19,2.771912132825877
DC_4,SKU_33,SKU_33_Batch_1,367,14,5.322682120752146
DC_4,SKU_33,SKU_33_Batch_2,483,16,3.8671820285377865
DC_4,SKU_33,SKU_33_Batch_3,422,26,9.516886586753468
DC_4,SKU_33,SKU_33_Batch_4,186,4,9.014595930033716
DC_4,SKU_33,SKU_33_Batch_5,125,5,2.2131716055396833
DC_4,SKU_34,SKU_34_Batch_1,50,10,5.8915546587205645
DC_4,SKU_34,SKU_34_Batch_2,369,24,3.4129959368747125
DC_4,SKU_34,SKU_34_Batch_3,109,10,4.9916052609564705
DC_4,SKU_35,SKU_35_Batch_1,410,7,8.953207985137379
DC_4,SKU_35,SKU_35_Batch_2,319,5,5.983873419052631
DC_4,SKU_35,SKU_35_Batch_3,262,7,4.340829993651459
DC_4,SKU_36,SKU_36_Batch_1,388,29,3.2670510098924748
DC_4,SKU_36,SKU_36_Batch_2,127,28,8.302761304955158
DC_4,SKU_36,SKU_36_Batch_3,111,6,6.80840313059695
DC_4,SKU_36,SKU_36_Batch_4,138,15,5.478556413622965
DC_4,SKU_36,SKU_36_Batch_5,91,27,3.3486170078353132
DC_4,SKU_37,SKU_37_Batch_1,345,10,4.341094180335617
DC_4,SKU_37,SKU_37_Batch_2,344,10,9.658669127277408
DC_4,SKU_38,SKU_38_Batch_1,174,8,5.920764469649592
DC_4,SKU_38,SKU_38_Batch_2,402,25,4.9059438905676505
DC_4,SKU_38,SKU_38_Batch_3,112,17,5.932087359960753
DC_4,SKU_39,SKU_39_Batch_1,202,19,8.121402300146674
DC_4,SKU_40,SKU_40_Batch_1,499,16,4.390925960274385
DC_4,SKU_41,SKU_41_Batch_1,153,10,3.019002027927175
DC_4,SKU_41,SKU_41_Batch_2,484,9,6.471957005881906
DC_4,SKU_41,SKU_41_Batch_3,484,8,7.154234879589071
DC_4,SKU_41,SKU_41_Batch_4,183,5,7.5581030251476715
DC_4,SKU_41,SKU_41_Batch_5,440,21,8.996894521512102
DC_4,SKU_42,SKU_42_Batch_1,497,22,4.65498002585746
DC_4,SKU_42,SKU_42_Batch_2,64,17,2.1405166179455803
DC_4,SKU_43,SKU_43_Batch_1,338,22,9.64596296086301
DC_4,SKU_43,SKU_43_Batch_2,280,29,5.197601383218539
DC_4,SKU_43,SKU_43_Batch_3,469,8,6.797688832221616
DC_4,SKU_43,SKU_43_Batch_4,490,3,7.163595246590484
DC_4,SKU_43,SKU_43_Batch_5,460,25,6.14536652396023
DC_4,SKU_44,SKU_44_Batch_1,303,6,3.244689002758296
DC_4,SKU_45,SKU_45_Batch_1,59,7,7.918715925987202
DC_4,SKU_45,SKU_45_Batch_2,172,12,8.331891781584694
DC_4,SKU_46,SKU_46_Batch_1,167,8,6.200292481148238
DC_4,SKU_47,SKU_47_Batch_1,208,17,5.6527698649711535
DC_4,SKU_47,SKU_47_Batch_2,277,15,2.468474556587875
DC_4,SKU_47,SKU_47_Batch_3,265,22,2.2135891227481626
DC_4,SKU_47,SKU_47_Batch_4,233,17,4.386301187289995
DC_4,SKU_47,SKU_47_Batch_5,206,10,4.142192321897843
DC_4,SKU_48,SKU_48_Batch_1,206,17,9.606079833187806
DC_4,SKU_48,SKU_48_Batch_2,373,14,8.160793310769154
DC_4,SKU_48,SKU_48_Batch_3,222,4,7.1093565097020095
DC_4,SKU_48,SKU_48_Batch_4,460,21,5.900008756649643
DC_4,SKU_48,SKU_48_Batch_5,292,6,2.9226240111765365
DC_4,SKU_49,SKU_49_Batch_1,331,13,9.816881713566413
DC_4,SKU_49,SKU_49_Batch_2,332,7,4.687845935041786
DC_4,SKU_49,SKU_49_Batch_3,197,13,2.4088676208015807
DC_4,SKU_49,SKU_49_Batch_4,303,12,5.697290613583842
DC_4,SKU_50,SKU_50_Batch_1,351,13,8.928983098711207
DC_4,SKU_50,SKU_50_Batch_2,445,28,9.041973515107301
DC_5,SKU_1,SKU_1_Batch_1,153,20,1.5932102864798017
DC_5,SKU_1,SKU_1_Batch_2,160,10,9.033513830386898
DC_5,SKU_1,SKU_1_Batch_3,365,13,3.807615848748797
DC_5,SKU_1,SKU_1_Batch_4,405,18,1.8312650937315962
DC_5,SKU_1,SKU_1_Batch_5,373,7,8.706217298084432
DC_5,SKU_2,SKU_2_Batch_1,377,12,8.84286742589977
DC_5,SKU_2,SKU_2_Batch_2,141,28,6.567964178659976
DC_5,SKU_2,SKU_2_Batch_3,442,24,6.382686937019046
DC_5,SKU_2,SKU_2_Batch_4,100,16,8.411522317282065
DC_5,SKU_2,SKU_2_Batch_5,345,11,8.183631198037379
DC_5,SKU_3,SKU_3_Batch_1,456,3,9.065896524262985
DC_5,SKU_3,SKU_3_Batch_2,351,7,6.198353304571979
DC_5,SKU_3,SKU_3_Batch_3,454,28,9.725000288228873
DC_5,SKU_4,SKU_4_Batch_1,231,25,9.967248062933377
DC_5,SKU_4,SKU_4_Batch_2,362,3,2.490629184988377
DC_5,SKU_4,SKU_4_Batch_3,368,24,8.721121956210037
DC_5,SKU_4,SKU_4_Batch_4,104,21,5.7484891908630065
DC_5,SKU_5,SKU_5_Batch_1,480,11,4.794313875548573
DC_5,SKU_5,SKU_5_Batch_2,358,11,6.711114634003078
DC_5,SKU_5,SKU_5_Batch_3,251,22,1.9757072367270596
DC_5,SKU_5,SKU_5_Batch_4,362,23,5.804919509520179
DC_5,SKU_5,SKU_5_Batch_5,203,11,8.902569845226667
DC_5,SKU_6,SKU_6_Batch_1,112,22,3.3144228871812347
DC_5,SKU_6,SKU_6_Batch_2,74,28,5.124314105540114
DC_5,SKU_6,SKU_6_Batch_3,124,8,9.485587545576442
DC_5,SKU_7,SKU_7_Batch_1,440,20,5.142792621348427
DC_5,SKU_7,SKU_7_Batch_2,467,29,4.546124874825386
DC_5,SKU_8,SKU_8_Batch_1,177,13,5.244561509048715
DC_5,SKU_9,SKU_9_Batch_1,413,29,5.915348515399229
DC_5,SKU_9,SKU_9_Batch_2,228,24,6.871926425117485
DC_5,SKU_9,SKU_9_Batch_3,201,27,8.305888807792215
DC_5,SKU_10,SKU_10_Batch_1,247,23,5.342868748996671
DC_5,SKU_10,SKU_10_Batch_2,393,3,8.448587948266193
DC_5,SKU_10,SKU_10_Batch_3,226,13,6.036625621492686
DC_5,SKU_10,SKU_10_Batch_4,199,28,4.37708433812781
DC_5,SKU_11,SKU_11_Batch_1,419,23,7.092582039015021
DC_5,SKU_11,SKU_11_Batch_2,98,9,7.600639165319677
DC_5,SKU_11,SKU_11_Batch_3,386,22,6.243416292850644
DC_5,SKU_11,SKU_11_Batch_4,410,19,1.9812272716451491
DC_5,SKU_12,SKU_12_Batch_1,167,24,2.9440044388670117
DC_5,SKU_12,SKU_12_Batch_2,112,10,3.9250306275669398
DC_5,SKU_12,SKU_12_Batch_3,98,9,3.9023176505876913
DC_5,SKU_12,SKU_12_Batch_4,306,15,7.224076802098399
DC_5,SKU_13,SKU_13_Batch_1,428,26,1.655963624225877
DC_5,SKU_13,SKU_13_Batch_2,260,19,7.9232951049209195
DC_5,SKU_13,SKU_13_Batch_3,478,18,3.755411035858932
DC_5,SKU_14,SKU_14_Batch_1,67,3,4.13518569283687
DC_5,SKU_14,SKU_14_Batch_2,127,21,5.987233537523356
DC_5,SKU_14,SKU_14_Batch_3,224,20,3.335367607981139
DC_5,SKU_15,SKU_15_Batch_1,162,20,9.018006165391984
DC_5,SKU_15,SKU_15_Batch_2,271,8,2.2256346242758047
DC_5,SKU_16,SKU_16_Batch_1,368,6,5.277250079559051
DC_5,SKU_16,SKU_16_Batch_2,434,10,8.720089290366564
DC_5,SKU_16,SKU_16_Batch_3,462,25,6.734673102580504
DC_5,SKU_17,SKU_17_Batch_1,337,12,3.984800884662384
DC_5,SKU_17,SKU_17_Batch_2,415,4,5.076461766099916
DC_5,SKU_17,SKU_17_Batch_3,429,3,7.506902232911375
DC_5,SKU_18,SKU_18_Batch_1,337,20,9.772716318593144
DC_5,SKU_18,SKU_18_Batch_2,440,10,9.091679106225184
DC_5,SKU_18,SKU_18_Batch_3,370,27,4.4106788712502025
DC_5,SKU_18,SKU_18_Batch_4,296,5,9.984681973946788
DC_5,SKU_19,SKU_19_Batch_1,304,10,1.5297896400139952
DC_5,SKU_19,SKU_19_Batch_2,103,27,1.7348529243715283
DC_5,SKU_19,SKU_19_Batch_3,288,7,8.502644378955146
DC_5,SKU_20,SKU_20_Batch_1,100,3,3.1954328380809423
DC_5,SKU_20,SKU_20_Batch_2,141,17,2.0165387813680473
DC_5,SKU_20,SKU_20_Batch_3,313,4,3.515758622510269
DC_5,SKU_21,SKU_21_Batch_1,145,26,5.121851308837312
DC_5,SKU_21,SKU_21_Batch_2,127,26,7.709813298683941
DC_5,SKU_21,SKU_21_Batch_3,351,13,6.806851975685246
DC_5,SKU_22,SKU_22_Batch_1,214,24,3.5197803492635735
DC_5,SKU_22,SKU_22_Batch_2,447,25,5.777798808854968
DC_5,SKU_22,SKU_22_Batch_3,481,20,9.372819895887833
DC_5,SKU_22,SKU_22_Batch_4,56,12,8.42756610436194
DC_5,SKU_23,SKU_23_Batch_1,200,23,4.247113171070244
DC_5,SKU_24,SKU_24_Batch_1,161,21,9.849248771523419
DC_5,SKU_24,SKU_24_Batch_2,85,20,7.523273403698613
DC_5,SKU_24,SKU_24_Batch_3,51,3,2.0308195231676454
DC_5,SKU_25,SKU_25_Batch_1,453,13,1.7988660629534288
DC_5,SKU_25,SKU_25_Batch_2,283,4,2.9314675665852548
DC_5,SKU_25,SKU_25_Batch_3,244,25,7.686774878426248
DC_5,SKU_25,SKU_25_Batch_4,168,14,3.0617808696606374
DC_5,SKU_25,SKU_25_Batch_5,69,7,5.847637538275085
DC_5,SKU_26,SKU_26_Batch_1,471,11,2.2927110215370696
DC_5,SKU_26,SKU_26_Batch_2,275,23,9.327532341556658
DC_5,SKU_26,SKU_26_Batch_3,477,5,4.423665215460324
DC_5,SKU_26,SKU_26_Batch_4,391,14,9.21912248076536
DC_5,SKU_26,SKU_26_Batch_5,329,19,9.531442956239626
DC_5,SKU_27,SKU_27_Batch_1,207,26,1.5520935021662867
DC_5,SKU_27,SKU_27_Batch_2,108,16,5.445149091189222
DC_5,SKU_28,SKU_28_Batch_1,419,21,1.7095764735085894
DC_5,SKU_29,SKU_29_Batch_1,63,11,9.2238885135747
DC_5,SKU_30,SKU_30_Batch_1,286,27,5.9064641302438945
DC_5,SKU_30,SKU_30_Batch_2,408,11,2.137024107937223
DC_5,SKU_31,SKU_31_Batch_1,53,28,2.4373521903508184
DC_5,SKU_31,SKU_31_Batch_2,491,15,4.759826708188282
DC_5,SKU_31,SKU_31_Batch_3,147,25,9.49199063941956
DC_5,SKU_32,SKU_32_Batch_1,124,8,7.389727788328687
DC_5,SKU_32,SKU_32_Batch_2,195,23,8.874760362607626
DC_5,SKU_32,SKU_32_Batch_3,91,6,4.614881493889827
DC_5,SKU_32,SKU_32_Batch_4,90,8,1.8673164461749856
DC_5,SKU_32,SKU_32_Batch_5,83,19,9.78169991623752
DC_5,SKU_33,SKU_33_Batch_1,202,8,1.645970420630141
DC_5,SKU_33,SKU_33_Batch_2,427,14,9.555039051189256
DC_5,SKU_33,SKU_33_Batch_3,136,23,4.63375810271773
DC_5,SKU_33,SKU_33_Batch_4,411,24,1.585768442685993
DC_5,SKU_33,SKU_33_Batch_5,76,27,7.35783646965832
DC_5,SKU_34,SKU_34_Batch_1,217,4,9.83459258426651
DC_5,SKU_34,SKU_34_Batch_2,317,15,9.707818644119536
DC_5,SKU_34,SKU_34_Batch_3,358,9,2.8679645952205566
DC_5,SKU_35,SKU_35_Batch_1,222,19,3.0406063515623174
DC_5,SKU_35,SKU_35_Batch_2,459,23,6.307080774267111
DC_5,SKU_36,SKU_36_Batch_1,239,28,6.917091024640758
DC_5,SKU_36,SKU_36_Batch_2,95,4,7.785052266159858
DC_5,SKU_36,SKU_36_Batch_3,359,13,3.0389280640132537
DC_5,SKU_36,SKU_36_Batch_4,242,21,9.651560237497693
DC_5,SKU_37,SKU_37_Batch_1,341,21,6.929283678458522
DC_5,SKU_37,SKU_37_Batch_2,331,23,8.699898810399716
DC_5,SKU_37,SKU_37_Batch_3,316,10,6.09055857991546
DC_5,SKU_37,SKU_37_Batch_4,60,6,5.021353204514002
DC_5,SKU_37,SKU_37_Batch_5,162,29,9.806054706057466
DC_5,SKU_38,SKU_38_Batch_1,359,4,6.4480316519686065
DC_5,SKU_38,SKU_38_Batch_2,104,17,8.868425453793021
DC_5,SKU_38,SKU_38_Batch_3,201,24,9.602985369113464
DC_5,SKU_39,SKU_39_Batch_1,361,3,7.240514329573603
DC_5,SKU_39,SKU_39_Batch_2,299,6,6.165978767408737
DC_5,SKU_39,SKU_39_Batch_3,288,22,1.5298422327405303
DC_5,SKU_39,SKU_39_Batch_4,276,22,1.8401669462815509
DC_5,SKU_39,SKU_39_Batch_5,386,29,3.207235336434489
DC_5,SKU_40,SKU_40_Batch_1,250,28,3.08107167077596
DC_5,SKU_40,SKU_40_Batch_2,499,23,3.6654497591986854
DC_5,SKU_40,SKU_40_Batch_3,122,11,4.091944420430117
DC_5,SKU_40,SKU_40_Batch_4,345,19,4.56055669518119
DC_5,SKU_40,SKU_40_Batch_5,178,27,5.07457036558545
DC_5,SKU_41,SKU_41_Batch_1,476,10,2.3403638768761246
DC_5,SKU_41,SKU_41_Batch_2,91,27,1.8600764215986474
DC_5,SKU_41,SKU_41_Batch_3,88,5,7.228527817120699
DC_5,SKU_41,SKU_41_Batch_4,180,20,6.06734601116616
DC_5,SKU_41,SKU_41_Batch_5,278,14,5.275225718871017
DC_5,SKU_42,SKU_42_Batch_1,484,8,6.892739499930995
DC_5,SKU_42,SKU_42_Batch_2,403,14,8.535274961230094
DC_5,SKU_42,SKU_42_Batch_3,324,7,5.135389727487739
DC_5,SKU_42,SKU_42_Batch_4,93,29,6.949515452941824
DC_5,SKU_43,SKU_43_Batch_1,354,19,9.60536390259885
DC_5,SKU_43,SKU_43_Batch_2,379,27,8.636808214823265
DC_5,SKU_43,SKU_43_Batch_3,360,19,5.121006889270481
DC_5,SKU_44,SKU_44_Batch_1,367,18,6.980093121425315
DC_5,SKU_44,SKU_44_Batch_2,265,21,3.005102836285488
DC_5,SKU_44,SKU_44_Batch_3,313,23,6.264438571608264
DC_5,SKU_44,SKU_44_Batch_4,130,25,9.841290474676764
DC_5,SKU_45,SKU_45_Batch_1,423,18,5.905678479221439
DC_5,SKU_45,SKU_45_Batch_2,247,10,9.384925543116251
DC_5,SKU_45,SKU_45_Batch_3,74,20,4.9623468242777165
DC_5,SKU_45,SKU_45_Batch_4,138,14,9.990181031069366
DC_5,SKU_45,SKU_45_Batch_5,192,29,6.423370299434241
DC_5,SKU_46,SKU_46_Batch_1,414,28,1.8592864510054437
DC_5,SKU_46,SKU_46_Batch_2,96,12,6.487415771876798
DC_5,SKU_47,SKU_47_Batch_1,456,28,3.8338679132765714
DC_5,SKU_48,SKU_48_Batch_1,135,28,1.776091237305105
DC_5,SKU_48,SKU_48_Batch_2,440,16,8.47725308990464
DC_5,SKU_48,SKU_48_Batch_3,384,23,3.8437019143364255
DC_5,SKU_48,SKU_48_Batch_4,56,11,8.270662709395237
DC_5,SKU_48,SKU_48_Batch_5,420,18,3.9498494551248693
DC_5,SKU_49,SKU_49_Batch_1,364,25,3.1517740079270813
DC_5,SKU_49,SKU_49_Batch_2,131,22,9.778452379887634
DC_5,SKU_50,SKU_50_Batch_1,451,29,4.573985285917667
DC_5,SKU_50,SKU_50_Batch_2,152,19,6.611697797266864
DC_5,SKU_50,SKU_50_Batch_3,63,26,6.684842688923008
DC_6,SKU_1,SKU_1_Batch_1,157,15,6.264024598474765
DC_6,SKU_1,SKU_1_Batch_2,147,5,9.274913819930324
DC_6,SKU_1,SKU_1_Batch_3,342,13,7.232749106618382
DC_6,SKU_2,SKU_2_Batch_1,232,25,4.931730534891907
DC_6,SKU_2,SKU_2_Batch_2,413,9,8.830233268456329
DC_6,SKU_3,SKU_3_Batch_1,53,24,3.0390346424856975
DC_6,SKU_4,SKU_4_Batch_1,446,20,6.126012439688548
DC_6,SKU_5,SKU_5_Batch_1,65,15,9.57967816152193
DC_6,SKU_6,SKU_6_Batch_1,157,4,6.815879853983508
DC_6,SKU_6,SKU_6_Batch_2,360,5,8.444231829036447
DC_6,SKU_7,SKU_7_Batch_1,83,29,7.055266167134139
DC_6,SKU_7,SKU_7_Batch_2,296,15,8.63465234007207
DC_6,SKU_8,SKU_8_Batch_1,323,5,9.528146978684571
DC_6,SKU_8,SKU_8_Batch_2,428,9,3.8198346840282627
DC_6,SKU_8,SKU_8_Batch_3,351,22,2.94211919068211
DC_6,SKU_8,SKU_8_Batch_4,78,19,5.613921377826589
DC_6,SKU_8,SKU_8_Batch_5,367,23,7.465830628005834
DC_6,SKU_9,SKU_9_Batch_1,234,18,3.431125652048837
DC_6,SKU_9,SKU_9_Batch_2,489,14,1.5348623286564202
DC_6,SKU_9,SKU_9_Batch_3,288,27,4.414948484611996
DC_6,SKU_9,SKU_9_Batch_4,315,27,9.735304351476202
DC_6,SKU_10,SKU_10_Batch_1,438,3,7.407223415149697
DC_6,SKU_10,SKU_10_Batch_2,226,5,4.911266273500404
DC_6,SKU_10,SKU_10_Batch_3,478,16,3.136896827448143
DC_6,SKU_10,SKU_10_Batch_4,425,20,4.526762226915349
DC_6,SKU_11,SKU_11_Batch_1,195,7,2.9436351830606076
DC_6,SKU_11,SKU_11_Batch_2,202,18,2.4035994811600867
DC_6,SKU_11,SKU_11_Batch_3,242,23,9.207310166866709
DC_6,SKU_11,SKU_11_Batch_4,122,17,9.980027876191524
DC_6,SKU_12,SKU_12_Batch_1,426,26,2.8949727365642177
DC_6,SKU_13,SKU_13_Batch_1,189,29,1.9634417504653776
DC_6,SKU_13,SKU_13_Batch_2,342,7,4.302714410742805
DC_6,SKU_13,SKU_13_Batch_3,476,8,5.42410303647203
DC_6,SKU_13,SKU_13_Batch_4,344,26,3.2409806001447627
DC_6,SKU_14,SKU_14_Batch_1,111,15,4.062111750287746
DC_6,SKU_14,SKU_14_Batch_2,275,27,3.2074012533790905
DC_6,SKU_14,SKU_14_Batch_3,248,22,8.081214831675837
DC_6,SKU_15,SKU_15_Batch_1,108,10,7.556912517601717
DC_6,SKU_15,SKU_15_Batch_2,197,24,6.897087883968345
DC_6,SKU_15,SKU_15_Batch_3,422,21,4.791351785173241
DC_6,SKU_15,SKU_15_Batch_4,415,12,9.226848001171007
DC_6,SKU_16,SKU_16_Batch_1,275,27,9.74102660304767
DC_6,SKU_16,SKU_16_Batch_2,267,11,2.9759341573160016
DC_6,SKU_16,SKU_16_Batch_3,290,28,3.3956074520009634
DC_6,SKU_17,SKU_17_Batch_1,425,8,5.967863738003142
DC_6,SKU_17,SKU_17_Batch_2,54,7,2.2756298388990848
DC_6,SKU_17,SKU_17_Batch_3,103,17,5.209811389996458
DC_6,SKU_18,SKU_18_Batch_1,58,5,6.445225750610536
DC_6,SKU_19,SKU_19_Batch_1,427,19,5.937625354667332
DC_6,SKU_19,SKU_19_Batch_2,110,29,4.312722956163221
DC_6,SKU_19,SKU_19_Batch_3,468,20,6.110789351656258
DC_6,SKU_19,SKU_19_Batch_4,387,19,9.649808111200207
DC_6,SKU_20,SKU_20_Batch_1,209,5,3.2511479364766966
DC_6,SKU_20,SKU_20_Batch_2,318,26,7.066066546349031
DC_6,SKU_20,SKU_20_Batch_3,430,17,1.8688719003264407
DC_6,SKU_21,SKU_21_Batch_1,378,6,2.064539438092197
DC_6,SKU_22,SKU_22_Batch_1,147,13,6.190539905900472
DC_6,SKU_22,SKU_22_Batch_2,154,26,2.3919830327875706
DC_6,SKU_22,SKU_22_Batch_3,372,29,1.6899477016282873
DC_6,SKU_22,SKU_22_Batch_4,78,11,2.957860480008189
DC_6,SKU_22,SKU_22_Batch_5,244,27,6.301217953496383
DC_6,SKU_23,SKU_23_Batch_1,381,12,7.478398113410925
DC_6,SKU_23,SKU_23_Batch_2,58,17,3.22106779520173
DC_6,SKU_24,SKU_24_Batch_1,310,13,7.180205216269483
DC_6,SKU_25,SKU_25_Batch_1,275,26,3.0510488143434493
DC_6,SKU_25,SKU_25_Batch_2,173,17,6.7143881263656855
DC_6,SKU_25,SKU_25_Batch_3,87,10,5.001657279114291
DC_6,SKU_26,SKU_26_Batch_1,438,18,7.057295829335742
DC_6,SKU_26,SKU_26_Batch_2,139,20,9.957948396073602
DC_6,SKU_26,SKU_26_Batch_3,86,18,9.471444204476777
DC_6,SKU_27,SKU_27_Batch_1,333,7,1.536394941606881
DC_6,SKU_27,SKU_27_Batch_2,130,20,9.026229497079598
DC_6,SKU_27,SKU_27_Batch_3,89,15,2.0651717589855156
DC_6,SKU_27,SKU_27_Batch_4,273,21,9.600895982358683
DC_6,SKU_27,SKU_27_Batch_5,235,5,3.89551827234732
DC_6,SKU_28,SKU_28_Batch_1,89,29,4.747296058495803
DC_6,SKU_28,SKU_28_Batch_2,286,3,2.2789247439936866
DC_6,SKU_29,SKU_29_Batch_1,385,10,2.4543184457957317
DC_6,SKU_29,SKU_29_Batch_2,141,3,7.677294804449216
DC_6,SKU_29,SKU_29_Batch_3,108,29,9.52682400386048
DC_6,SKU_30,SKU_30_Batch_1,318,13,6.691362207111631
DC_6,SKU_31,SKU_31_Batch_1,394,23,7.584725131977894
DC_6,SKU_31,SKU_31_Batch_2,219,6,7.976742829075805
DC_6,SKU_31,SKU_31_Batch_3,240,29,3.7339213337000046
DC_6,SKU_31,SKU_31_Batch_4,471,9,1.8844518628218268
DC_6,SKU_31,SKU_31_Batch_5,182,13,1.515918323312933
DC_6,SKU_32,SKU_32_Batch_1,363,27,4.480518905109158
DC_6,SKU_32,SKU_32_Batch_2,80,25,3.552445939693337
DC_6,SKU_32,SKU_32_Batch_3,475,12,2.029700662918078
DC_6,SKU_32,SKU_32_Batch_4,209,13,3.0259904861961675
DC_6,SKU_32,SKU_32_Batch_5,486,9,2.5582406352775564
DC_6,SKU_33,SKU_33_Batch_1,405,4,9.276466235247648
DC_6,SKU_33,SKU_33_Batch_2,255,15,2.692271314402936
DC_6,SKU_34,SKU_34_Batch_1,61,9,6.070011943895273
DC_6,SKU_34,SKU_34_Batch_2,499,15,6.541400618453399
DC_6,SKU_34,SKU_34_Batch_3,95,29,6.1196603905233875
DC_6,SKU_34,SKU_34_Batch_4,162,11,2.341979690835898
DC_6,SKU_34,SKU_34_Batch_5,66,10,4.209786074879686
DC_6,SKU_35,SKU_35_Batch_1,237,26,1.9357978259368027
DC_6,SKU_35,SKU_35_Batch_2,414,5,4.8631942698186865
DC_6,SKU_36,SKU_36_Batch_1,463,9,3.103090915808532
DC_6,SKU_36,SKU_36_Batch_2,123,11,6.273876532917228
DC_6,SKU_36,SKU_36_Batch_3,273,4,7.388871347717354
DC_6,SKU_37,SKU_37_Batch_1,109,17,6.023018811740005
DC_6,SKU_37,SKU_37_Batch_2,271,7,5.191011921196864
DC_6,SKU_37,SKU_37_Batch_3,327,6,4.792334077281886
DC_6,SKU_37,SKU_37_Batch_4,453,6,8.654380028824532
DC_6,SKU_38,SKU_38_Batch_1,373,29,3.3646285530547955
DC_6,SKU_38,SKU_38_Batch_2,241,19,7.740855885995385
DC_6,SKU_39,SKU_39_Batch_1,455,19,7.938599760291011
DC_6,SKU_39,SKU_39_Batch_2,443,24,5.063200061801243
DC_6,SKU_39,SKU_39_Batch_3,242,24,4.0270550934179346
DC_6,SKU_39,SKU_39_Batch_4,169,29,5.49960263139079
DC_6,SKU_40,SKU_40_Batch_1,355,16,2.292318370087937
DC_6,SKU_40,SKU_40_Batch_2,241,17,1.8904052739472648
DC_6,SKU_41,SKU_41_Batch_1,253,6,2.4486271953410803
DC_6,SKU_41,SKU_41_Batch_2,300,5,3.0907327674289222
DC_6,SKU_41,SKU_41_Batch_3,485,14,5.785502972873365
DC_6,SKU_41,SKU_41_Batch_4,56,13,8.717661407369537
DC_6,SKU_41,SKU_41_Batch_5,82,8,3.5029598219973392
DC_6,SKU_42,SKU_42_Batch_1,107,25,9.448877091347613
DC_6,SKU_42,SKU_42_Batch_2,75,4,9.616717225947529
DC_6,SKU_42,SKU_42_Batch_3,479,4,9.650689141184245
DC_6,SKU_43,SKU_43_Batch_1,53,19,8.619283244748752
DC_6,SKU_43,SKU_43_Batch_2,148,15,4.592512846780625
DC_6,SKU_43,SKU_43_Batch_3,88,17,2.117813243522296
DC_6,SKU_43,SKU_43_Batch_4,424,13,6.3349592200152065
DC_6,SKU_43,SKU_43_Batch_5,421,4,6.248792273466487
DC_6,SKU_44,SKU_44_Batch_1,71,13,8.724794020431563
DC_6,SKU_44,SKU_44_Batch_2,76,5,9.965923933041895
DC_6,SKU_44,SKU_44_Batch_3,386,14,5.819337105761254
DC_6,SKU_44,SKU_44_Batch_4,489,23,4.4342342638381655
DC_6,SKU_45,SKU_45_Batch_1,492,22,3.08016454822827
DC_6,SKU_45,SKU_45_Batch_2,311,21,1.5407985109476512
DC_6,SKU_45,SKU_45_Batch_3,490,7,5.827466386155473
DC_6,SKU_45,SKU_45_Batch_4,436,29,6.221908666972064
DC_6,SKU_45,SKU_45_Batch_5,306,28,8.511977078447877
DC_6,SKU_46,SKU_46_Batch_1,471,17,5.788904227088805
DC_6,SKU_46,SKU_46_Batch_2,211,5,9.289980963661481
DC_6,SKU_46,SKU_46_Batch_3,369,19,6.838709550857201
DC_6,SKU_46,SKU_46_Batch_4,330,26,8.642858024879207
DC_6,SKU_47,SKU_47_Batch_1,323,17,2.7605647458658504
DC_6,SKU_47,SKU_47_Batch_2,257,29,8.770357107569675
DC_6,SKU_47,SKU_47_Batch_3,121,16,7.238722762772712
DC_6,SKU_47,SKU_47_Batch_4,194,23,2.9469807757258097
DC_6,SKU_48,SKU_48_Batch_1,223,20,3.112990244241092
DC_6,SKU_48,SKU_48_Batch_2,248,5,9.375255261875882
DC_6,SKU_48,SKU_48_Batch_3,398,14,1.7738305638281695
DC_6,SKU_49,SKU_49_Batch_1,73,28,5.431547018013502
DC_6,SKU_49,SKU_49_Batch_2,436,22,4.1645399644398635
DC_6,SKU_49,SKU_49_Batch_3,95,17,7.153158239986638
DC_6,SKU_49,SKU_49_Batch_4,202,16,8.636849794336431
DC_6,SKU_49,SKU_49_Batch_5,322,14,4.5632140332308415
DC_6,SKU_50,SKU_50_Batch_1,277,11,5.128667742244116
DC_6,SKU_50,SKU_50_Batch_2,215,18,9.84630116826202
DC_6,SKU_50,SKU_50_Batch_3,493,24,8.163290332273224
DC_6,SKU_50,SKU_50_Batch_4,166,4,9.126235112920227
DC_7,SKU_1,SKU_1_Batch_1,113,15,5.229478875538852
DC_7,SKU_1,SKU_1_Batch_2,258,10,3.489647733864979
DC_7,SKU_1,SKU_1_Batch_3,326,20,5.000839455784839
DC_7,SKU_2,SKU_2_Batch_1,415,17,7.586781301567864
DC_7,SKU_2,SKU_2_Batch_2,144,8,2.4301584411058244
DC_7,SKU_3,SKU_3_Batch_1,350,27,3.798987397740325
DC_7,SKU_3,SKU_3_Batch_2,338,8,1.8964051539235183
DC_7,SKU_3,SKU_3_Batch_3,474,10,5.1749557758741185
DC_7,SKU_4,SKU_4_Batch_1,263,21,8.533288755826712
DC_7,SKU_4,SKU_4_Batch_2,137,11,1.7096413505330919
DC_7,SKU_4,SKU_4_Batch_3,450,14,7.240249977860911
DC_7,SKU_5,SKU_5_Batch_1,95,17,9.426214933366786
DC_7,SKU_6,SKU_6_Batch_1,197,3,3.5138868228450493
DC_7,SKU_6,SKU_6_Batch_2,251,10,7.3958961461850095
DC_7,SKU_6,SKU_6_Batch_3,465,20,9.788366159351703
DC_7,SKU_6,SKU_6_Batch_4,402,4,9.679363511295938
DC_7,SKU_7,SKU_7_Batch_1,338,11,3.4968981407477178
DC_7,SKU_8,SKU_8_Batch_1,463,3,2.3528139523025837
DC_7,SKU_8,SKU_8_Batch_2,126,22,2.7604015721152857
DC_7,SKU_8,SKU_8_Batch_3,203,24,7.467303182098209
DC_7,SKU_8,SKU_8_Batch_4,152,4,7.668950441352842
DC_7,SKU_8,SKU_8_Batch_5,215,9,7.231010773839691
DC_7,SKU_9,SKU_9_Batch_1,223,28,4.356666295809024
DC_7,SKU_9,SKU_9_Batch_2,192,4,2.9431039879440384
DC_7,SKU_10,SKU_10_Batch_1,424,14,6.436469281594151
DC_7,SKU_10,SKU_10_Batch_2,354,10,5.611283788941865
DC_7,SKU_11,SKU_11_Batch_1,366,5,7.695090250539579
DC_7,SKU_11,SKU_11_Batch_2,172,8,5.251560668827782
DC_7,SKU_11,SKU_11_Batch_3,58,8,4.3784374048349815
DC_7,SKU_12,SKU_12_Batch_1,408,11,3.9945679075516223
DC_7,SKU_13,SKU_13_Batch_1,253,10,3.2974977204228457
DC_7,SKU_13,SKU_13_Batch_2,377,20,3.758844197586622
DC_7,SKU_14,SKU_14_Batch_1,367,22,2.3060587301748616
DC_7,SKU_14,SKU_14_Batch_2,367,17,4.448284592895561
DC_7,SKU_14,SKU_14_Batch_3,300,9,1.8108434050851447
DC_7,SKU_14,SKU_14_Batch_4,133,18,3.0845177009137776
DC_7,SKU_15,SKU_15_Batch_1,439,28,7.847548779265147
DC_7,SKU_15,SKU_15_Batch_2,71,28,4.266486403751292
DC_7,SKU_15,SKU_15_Batch_3,432,5,7.180014644307422
DC_7,SKU_15,SKU_15_Batch_4,176,11,7.5935154925768575
DC_7,SKU_16,SKU_16_Batch_1,411,16,6.440075413222965
DC_7,SKU_16,SKU_16_Batch_2,61,25,9.648930801605887
DC_7,SKU_16,SKU_16_Batch_3,61,15,1.6822388662964627
DC_7,SKU_16,SKU_16_Batch_4,74,15,7.778547529999208
DC_7,SKU_17,SKU_17_Batch_1,171,21,9.649686473493468
DC_7,SKU_17,SKU_17_Batch_2,104,16,8.829309699499984
DC_7,SKU_17,SKU_17_Batch_3,405,15,2.9270878803426132
DC_7,SKU_18,SKU_18_Batch_1,168,23,4.277972603139723
DC_7,SKU_18,SKU_18_Batch_2,232,21,2.965840638949956
DC_7,SKU_18,SKU_18_Batch_3,349,20,6.611121092424985
DC_7,SKU_18,SKU_18_Batch_4,451,21,7.553597846825684
DC_7,SKU_18,SKU_18_Batch_5,199,7,4.195127039585994
DC_7,SKU_19,SKU_19_Batch_1,108,5,6.085805878866512
DC_7,SKU_20,SKU_20_Batch_1,251,21,7.372824845605158
DC_7,SKU_20,SKU_20_Batch_2,84,24,5.081388441193911
DC_7,SKU_20,SKU_20_Batch_3,496,17,8.759132008871404
DC_7,SKU_20,SKU_20_Batch_4,402,9,8.058174449946446
DC_7,SKU_21,SKU_21_Batch_1,354,23,2.0496571227298506
DC_7,SKU_21,SKU_21_Batch_2,208,28,6.779565042272047
DC_7,SKU_21,SKU_21_Batch_3,494,26,3.5002671831578716
DC_7,SKU_21,SKU_21_Batch_4,453,7,6.23890524967184
DC_7,SKU_22,SKU_22_Batch_1,269,14,9.633551762380213
DC_7,SKU_22,SKU_22_Batch_2,431,22,8.972027038694126
DC_7,SKU_22,SKU_22_Batch_3,493,26,4.9383894264786194
DC_7,SKU_22,SKU_22_Batch_4,99,19,3.9778677959270037
DC_7,SKU_23,SKU_23_Batch_1,145,11,3.4924488274702017
DC_7,SKU_23,SKU_23_Batch_2,469,28,6.026376392930421
DC_7,SKU_23,SKU_23_Batch_3,166,4,2.471111852693479
DC_7,SKU_24,SKU_24_Batch_1,115,17,6.168837569090113
DC_7,SKU_24,SKU_24_Batch_2,467,6,1.5113359356717322
DC_7,SKU_24,SKU_24_Batch_3,311,9,4.2527218613396816
DC_7,SKU_24,SKU_24_Batch_4,475,21,3.369441667559941
DC_7,SKU_25,SKU_25_Batch_1,235,24,9.755359714666648
DC_7,SKU_25,SKU_25_Batch_2,174,14,7.681559716344822
DC_7,SKU_25,SKU_25_Batch_3,180,15,4.4720537339290205
DC_7,SKU_26,SKU_26_Batch_1,89,23,2.2891832355102744
DC_7,SKU_26,SKU_26_Batch_2,448,3,5.892805054870304
DC_7,SKU_27,SKU_27_Batch_1,331,10,3.3143069912713594
DC_7,SKU_27,SKU_27_Batch_2,149,18,6.059651140136041
DC_7,SKU_27,SKU_27_Batch_3,136,12,8.600580010520586
DC_7,SKU_28,SKU_28_Batch_1,63,16,6.734236692861776
DC_7,SKU_28,SKU_28_Batch_2,51,25,6.887201566132519
DC_7,SKU_28,SKU_28_Batch_3,342,7,6.098757457033898
DC_7,SKU_28,SKU_28_Batch_4,471,15,9.381757877366978
DC_7,SKU_29,SKU_29_Batch_1,367,24,9.421172817575128
DC_7,SKU_30,SKU_30_Batch_1,430,17,5.858147209125193
DC_7,SKU_30,SKU_30_Batch_2,63,26,4.098955640719788
DC_7,SKU_30,SKU_30_Batch_3,280,27,5.406489549975273
DC_7,SKU_30,SKU_30_Batch_4,133,4,3.0857422536627332
DC_7,SKU_31,SKU_31_Batch_1,428,27,6.908926680203759
DC_7,SKU_32,SKU_32_Batch_1,77,4,5.750784854148982
DC_7,SKU_33,SKU_33_Batch_1,278,7,2.378054061412879
DC_7,SKU_33,SKU_33_Batch_2,498,10,3.1800061395167303
DC_7,SKU_33,SKU_33_Batch_3,489,6,5.5768716276959776
DC_7,SKU_34,SKU_34_Batch_1,456,17,9.044506421110295
DC_7,SKU_34,SKU_34_Batch_2,336,13,6.314321125364328
DC_7,SKU_34,SKU_34_Batch_3,59,5,7.293047501772001
DC_7,SKU_34,SKU_34_Batch_4,167,16,4.381742672823233
DC_7,SKU_34,SKU_34_Batch_5,129,12,6.356996840875992
DC_7,SKU_35,SKU_35_Batch_1,315,14,5.302728492423573
DC_7,SKU_35,SKU_35_Batch_2,399,11,7.102604257296866
DC_7,SKU_35,SKU_35_Batch_3,306,7,1.9298923116715883
DC_7,SKU_35,SKU_35_Batch_4,325,10,5.693051838031153
DC_7,SKU_35,SKU_35_Batch_5,220,14,4.015937313723719
DC_7,SKU_36,SKU_36_Batch_1,362,24,4.272573020862229
DC_7,SKU_37,SKU_37_Batch_1,333,27,9.667798168243522
DC_7,SKU_37,SKU_37_Batch_2,156,7,3.0529059080467533
DC_7,SKU_37,SKU_37_Batch_3,224,7,4.145584646918074
DC_7,SKU_37,SKU_37_Batch_4,253,7,5.83408689371241
DC_7,SKU_38,SKU_38_Batch_1,169,14,8.835729059271802
DC_7,SKU_39,SKU_39_Batch_1,416,17,5.041695707254149
DC_7,SKU_39,SKU_39_Batch_2,439,14,7.822854887549454
DC_7,SKU_39,SKU_39_Batch_3,300,22,8.77917983482582
DC_7,SKU_39,SKU_39_Batch_4,419,16,4.135139024485716
DC_7,SKU_40,SKU_40_Batch_1,342,22,4.838376560079034
DC_7,SKU_40,SKU_40_Batch_2,331,3,4.530727901351028
DC_7,SKU_41,SKU_41_Batch_1,247,7,8.579274373252328
DC_7,SKU_41,SKU_41_Batch_2,294,29,1.8769483266056097
DC_7,SKU_41,SKU_41_Batch_3,374,3,4.12157925504378
DC_7,SKU_42,SKU_42_Batch_1,228,16,7.274972739558604
DC_7,SKU_43,SKU_43_Batch_1,325,23,6.3062697463054125
DC_7,SKU_43,SKU_43_Batch_2,291,26,5.208459553996401
DC_7,SKU_43,SKU_43_Batch_3,300,13,6.089559931381767
DC_7,SKU_43,SKU_43_Batch_4,175,4,3.1794689795407054
DC_7,SKU_44,SKU_44_Batch_1,355,27,5.161091283668089
DC_7,SKU_45,SKU_45_Batch_1,227,25,5.764475365498967
DC_7,SKU_45,SKU_45_Batch_2,477,8,9.160107536614113
DC_7,SKU_45,SKU_45_Batch_3,389,25,3.717098883833799
DC_7,SKU_46,SKU_46_Batch_1,357,18,8.876542268401927
DC_7,SKU_46,SKU_46_Batch_2,483,12,6.976051907020846
DC_7,SKU_46,SKU_46_Batch_3,429,25,1.6728970640746084
DC_7,SKU_46,SKU_46_Batch_4,57,20,7.659366363644846
DC_7,SKU_46,SKU_46_Batch_5,390,3,1.8021909591669683
DC_7,SKU_47,SKU_47_Batch_1,401,8,9.977739577917411
DC_7,SKU_47,SKU_47_Batch_2,54,17,8.917411845375181
DC_7,SKU_47,SKU_47_Batch_3,135,17,4.027421854090388
DC_7,SKU_47,SKU_47_Batch_4,339,3,3.687995456671996
DC_7,SKU_47,SKU_47_Batch_5,360,25,4.742249197897676
DC_7,SKU_48,SKU_48_Batch_1,476,12,4.527419205172766
DC_7,SKU_48,SKU_48_Batch_2,463,20,4.664871456275739
DC_7,SKU_49,SKU_49_Batch_1,194,28,4.205350642015583
DC_7,SKU_49,SKU_49_Batch_2,185,17,6.779633958210817
DC_7,SKU_50,SKU_50_Batch_1,125,29,2.8962411416253033
DC_8,SKU_1,SKU_1_Batch_1,351,6,8.690840985791112
DC_8,SKU_2,SKU_2_Batch_1,50,21,8.40542111426618
DC_8,SKU_3,SKU_3_Batch_1,353,7,5.550107266769799
DC_8,SKU_3,SKU_3_Batch_2,410,28,8.748204704867653
DC_8,SKU_3,SKU_3_Batch_3,495,4,3.600733095257493
DC_8,SKU_3,SKU_3_Batch_4,241,8,1.649306373483719
DC_8,SKU_3,SKU_3_Batch_5,112,11,6.763267362753496
DC_8,SKU_4,SKU_4_Batch_1,218,27,5.392229959200081
DC_8,SKU_5,SKU_5_Batch_1,122,23,6.320898643514901
DC_8,SKU_5,SKU_5_Batch_2,126,11,9.144384976656426
DC_8,SKU_5,SKU_5_Batch_3,373,4,9.744367375310519
DC_8,SKU_5,SKU_5_Batch_4,430,8,6.892851687922626
DC_8,SKU_5,SKU_5_Batch_5,181,8,7.994472513745726
DC_8,SKU_6,SKU_6_Batch_1,131,15,2.212371684640896
DC_8,SKU_6,SKU_6_Batch_2,328,21,2.8660824715777977
DC_8,SKU_6,SKU_6_Batch_3,414,13,7.732240842100301
DC_8,SKU_7,SKU_7_Batch_1,393,24,5.166606379298017
DC_8,SKU_8,SKU_8_Batch_1,262,17,5.2907047984374485
DC_8,SKU_9,SKU_9_Batch_1,125,28,4.123165293901211
DC_8,SKU_10,SKU_10_Batch_1,452,27,6.662529259560822
DC_8,SKU_10,SKU_10_Batch_2,466,19,3.073902886037722
DC_8,SKU_10,SKU_10_Batch_3,273,19,6.828788374168113
DC_8,SKU_10,SKU_10_Batch_4,340,14,2.9772902856495373
DC_8,SKU_10,SKU_10_Batch_5,151,28,2.0425212950325653
DC_8,SKU_11,SKU_11_Batch_1,404,10,4.308040353942019
DC_8,SKU_11,SKU_11_Batch_2,159,16,3.4646929070837054
DC_8,SKU_11,SKU_11_Batch_3,379,4,9.056428927728824
DC_8,SKU_12,SKU_12_Batch_1,52,23,1.967104357883326
DC_8,SKU_13,SKU_13_Batch_1,377,18,3.0012163868800443
DC_8,SKU_13,SKU_13_Batch_2,499,8,6.16411664745592
DC_8,SKU_14,SKU_14_Batch_1,166,28,5.589071122203526
DC_8,SKU_14,SKU_14_Batch_2,202,14,1.8897421561849632
DC_8,SKU_14,SKU_14_Batch_3,182,4,1.561645638128728
DC_8,SKU_14,SKU_14_Batch_4,353,7,9.898577506669774
DC_8,SKU_15,SKU_15_Batch_1,277,17,7.1000949530501245
DC_8,SKU_15,SKU_15_Batch_2,92,18,4.605952112663233
DC_8,SKU_15,SKU_15_Batch_3,392,8,5.498674105137551
DC_8,SKU_15,SKU_15_Batch_4,351,20,3.765676023861439
DC_8,SKU_16,SKU_16_Batch_1,428,13,4.431427161392283
DC_8,SKU_16,SKU_16_Batch_2,70,25,7.016877971779818
DC_8,SKU_16,SKU_16_Batch_3,156,25,9.003900290372652
DC_8,SKU_16,SKU_16_Batch_4,385,17,3.0651051961900713
DC_8,SKU_17,SKU_17_Batch_1,173,17,8.64307279577521
DC_8,SKU_17,SKU_17_Batch_2,330,6,2.533231350905287
DC_8,SKU_17,SKU_17_Batch_3,252,21,3.327433900501325
DC_8,SKU_17,SKU_17_Batch_4,320,6,1.8159899484219908
DC_8,SKU_17,SKU_17_Batch_5,326,15,2.696900827790495
DC_8,SKU_18,SKU_18_Batch_1,339,16,9.29707673644443
DC_8,SKU_18,SKU_18_Batch_2,430,6,5.405229346256218
DC_8,SKU_18,SKU_18_Batch_3,422,22,2.160159825116005
DC_8,SKU_19,SKU_19_Batch_1,206,17,9.657678123331172
DC_8,SKU_19,SKU_19_Batch_2,205,5,8.971434615948526
DC_8,SKU_19,SKU_19_Batch_3,185,18,7.9148014273792
DC_8,SKU_20,SKU_20_Batch_1,469,20,9.434518731554242
DC_8,SKU_20,SKU_20_Batch_2,51,19,3.3711000771039954
DC_8,SKU_21,SKU_21_Batch_1,181,28,8.609138990585734
DC_8,SKU_21,SKU_21_Batch_2,394,13,7.364925169011602
DC_8,SKU_21,SKU_21_Batch_3,312,14,8.89295362132535
DC_8,SKU_21,SKU_21_Batch_4,123,9,8.273748308812353
DC_8,SKU_21,SKU_21_Batch_5,446,9,4.445208037003012
DC_8,SKU_22,SKU_22_Batch_1,475,12,8.082387564646673
DC_8,SKU_23,SKU_23_Batch_1,133,6,3.730878575371568
DC_8,SKU_23,SKU_23_Batch_2,423,9,4.293033385738466
DC_8,SKU_23,SKU_23_Batch_3,359,3,2.4171985963952975
DC_8,SKU_23,SKU_23_Batch_4,221,26,9.448151235833985
DC_8,SKU_24,SKU_24_Batch_1,411,17,3.973528588902393
DC_8,SKU_24,SKU_24_Batch_2,428,15,5.92529095395734
DC_8,SKU_24,SKU_24_Batch_3,424,24,4.8263291099626375
DC_8,SKU_24,SKU_24_Batch_4,167,23,9.659389024959763
DC_8,SKU_24,SKU_24_Batch_5,263,11,4.347917952977101
DC_8,SKU_25,SKU_25_Batch_1,58,17,8.117639482092857
DC_8,SKU_25,SKU_25_Batch_2,59,26,8.771037314365032
DC_8,SKU_26,SKU_26_Batch_1,170,12,5.20265522858821
DC_8,SKU_26,SKU_26_Batch_2,121,26,4.714460422849916
DC_8,SKU_27,SKU_27_Batch_1,203,29,7.855839477927338
DC_8,SKU_28,SKU_28_Batch_1,117,20,9.25961583260299
DC_8,SKU_28,SKU_28_Batch_2,201,21,7.916919731114025
DC_8,SKU_28,SKU_28_Batch_3,149,9,3.4305741075308576
DC_8,SKU_28,SKU_28_Batch_4,251,27,9.050615853220496
DC_8,SKU_28,SKU_28_Batch_5,195,21,4.794444173213082
DC_8,SKU_29,SKU_29_Batch_1,488,20,6.397950000112441
DC_8,SKU_29,SKU_29_Batch_2,118,17,8.567202763988043
DC_8,SKU_29,SKU_29_Batch_3,98,5,3.101355522904184
DC_8,SKU_29,SKU_29_Batch_4,157,4,8.168336153259201
DC_8,SKU_30,SKU_30_Batch_1,168,23,6.567383782240759
DC_8,SKU_31,SKU_31_Batch_1,199,18,9.093403955534669
DC_8,SKU_32,SKU_32_Batch_1,192,5,2.9617484156701153
DC_8,SKU_32,SKU_32_Batch_2,209,13,5.075799014847892
DC_8,SKU_32,SKU_32_Batch_3,187,11,8.579166289368118
DC_8,SKU_32,SKU_32_Batch_4,127,15,1.6634694793824614
DC_8,SKU_32,SKU_32_Batch_5,490,27,2.453711617507964
DC_8,SKU_33,SKU_33_Batch_1,369,5,9.919804308432244
DC_8,SKU_33,SKU_33_Batch_2,312,23,3.8833505180179797
DC_8,SKU_34,SKU_34_Batch_1,372,12,9.792117146653604
DC_8,SKU_34,SKU_34_Batch_2,423,9,3.0515181835737284
DC_8,SKU_35,SKU_35_Batch_1,290,13,4.569302765562353
DC_8,SKU_36,SKU_36_Batch_1,351,21,7.89939027828035
DC_8,SKU_36,SKU_36_Batch_2,117,28,7.091116461524517
DC_8,SKU_36,SKU_36_Batch_3,151,12,6.439540399396972
DC_8,SKU_36,SKU_36_Batch_4,337,9,6.004142994342565
DC_8,SKU_37,SKU_37_Batch_1,85,10,8.669243771150292
DC_8,SKU_37,SKU_37_Batch_2,278,3,3.497062784083838
DC_8,SKU_37,SKU_37_Batch_3,213,5,5.261002879444907
DC_8,SKU_37,SKU_37_Batch_4,122,10,2.821344483329887
DC_8,SKU_37,SKU_37_Batch_5,402,29,6.565503563710987
DC_8,SKU_38,SKU_38_Batch_1,245,15,3.6296276063062214
DC_8,SKU_39,SKU_39_Batch_1,365,4,4.337657546918779
DC_8,SKU_40,SKU_40_Batch_1,54,14,5.505631091299989
DC_8,SKU_40,SKU_40_Batch_2,76,23,1.7275499784765866
DC_8,SKU_40,SKU_40_Batch_3,313,8,2.28147245532712
DC_8,SKU_40,SKU_40_Batch_4,249,20,7.3303983760198665
DC_8,SKU_41,SKU_41_Batch_1,349,28,5.146244836098812
DC_8,SKU_41,SKU_41_Batch_2,308,24,8.85071688699911
DC_8,SKU_41,SKU_41_Batch_3,375,4,7.404712030975696
DC_8,SKU_42,SKU_42_Batch_1,307,8,1.5688580040022408
DC_8,SKU_42,SKU_42_Batch_2,258,5,6.742054811520646
DC_8,SKU_42,SKU_42_Batch_3,403,25,2.2966613615075895
DC_8,SKU_42,SKU_42_Batch_4,335,22,8.1379320282192
DC_8,SKU_43,SKU_43_Batch_1,491,6,9.927815350367267
DC_8,SKU_43,SKU_43_Batch_2,382,17,6.015189751052848
DC_8,SKU_43,SKU_43_Batch_3,360,18,7.303625751650108
DC_8,SKU_43,SKU_43_Batch_4,155,27,3.517170367605388
DC_8,SKU_44,SKU_44_Batch_1,194,18,5.219580821907245
DC_8,SKU_44,SKU_44_Batch_2,445,10,8.776810324009261
DC_8,SKU_44,SKU_44_Batch_3,52,18,2.9230950558431354
DC_8,SKU_44,SKU_44_Batch_4,79,15,3.7570526477169777
DC_8,SKU_45,SKU_45_Batch_1,164,10,5.286186239931256
DC_8,SKU_45,SKU_45_Batch_2,167,7,7.554115580674119
DC_8,SKU_45,SKU_45_Batch_3,409,26,4.695013615763227
DC_8,SKU_45,SKU_45_Batch_4,413,3,9.385724378155533
DC_8,SKU_46,SKU_46_Batch_1,335,23,2.302884935784113
DC_8,SKU_47,SKU_47_Batch_1,455,20,4.651835679131204
DC_8,SKU_47,SKU_47_Batch_2,280,3,7.526110049141586
DC_8,SKU_47,SKU_47_Batch_3,321,14,3.4208875081226857
DC_8,SKU_47,SKU_47_Batch_4,87,22,7.07951164095222
DC_8,SKU_48,SKU_48_Batch_1,191,6,2.8958441449324406
DC_8,SKU_48,SKU_48_Batch_2,200,20,1.9758324213243341
DC_8,SKU_49,SKU_49_Batch_1,115,11,2.5286335923635153
DC_8,SKU_49,SKU_49_Batch_2,390,4,9.404870656640146
DC_8,SKU_49,SKU_49_Batch_3,298,11,6.189882504986186
DC_8,SKU_49,SKU_49_Batch_4,498,13,8.268939091577018
DC_8,SKU_49,SKU_49_Batch_5,372,22,4.327563257692935
DC_8,SKU_50,SKU_50_Batch_1,245,20,6.5375985070262965
DC_8,SKU_50,SKU_50_Batch_2,360,8,5.707093136492428
DC_9,SKU_1,SKU_1_Batch_1,455,13,9.5387726549195
DC_9,SKU_1,SKU_1_Batch_2,192,24,7.854384406459938
DC_9,SKU_1,SKU_1_Batch_3,365,7,7.709612367720922
DC_9,SKU_2,SKU_2_Batch_1,61,17,1.894002790191376
DC_9,SKU_2,SKU_2_Batch_2,98,12,6.172192186531374
DC_9,SKU_2,SKU_2_Batch_3,215,20,5.469427358165426
DC_9,SKU_2,SKU_2_Batch_4,478,5,9.386659266152654
DC_9,SKU_3,SKU_3_Batch_1,207,16,3.687406899611024
DC_9,SKU_3,SKU_3_Batch_2,183,5,3.793584352974302
DC_9,SKU_4,SKU_4_Batch_1,63,11,4.996443115492753
DC_9,SKU_4,SKU_4_Batch_2,448,23,3.5686425639541963
DC_9,SKU_4,SKU_4_Batch_3,212,4,2.5980633013743706
DC_9,SKU_4,SKU_4_Batch_4,396,4,8.788026196531806
DC_9,SKU_5,SKU_5_Batch_1,255,22,6.245350457433284
DC_9,SKU_5,SKU_5_Batch_2,305,12,8.821583111130817
DC_9,SKU_5,SKU_5_Batch_3,74,4,8.564645505931416
DC_9,SKU_6,SKU_6_Batch_1,302,24,3.8973600157122044
DC_9,SKU_7,SKU_7_Batch_1,213,16,6.155768276756328
DC_9,SKU_8,SKU_8_Batch_1,159,18,2.2073504732905986
DC_9,SKU_9,SKU_9_Batch_1,485,5,9.279641014261447
DC_9,SKU_9,SKU_9_Batch_2,474,8,4.936233078053801
DC_9,SKU_9,SKU_9_Batch_3,74,15,4.846247563056682
DC_9,SKU_9,SKU_9_Batch_4,166,4,4.0734206502526025
DC_9,SKU_9,SKU_9_Batch_5,441,23,5.4156418300409825
DC_9,SKU_10,SKU_10_Batch_1,74,17,3.6399547856363084
DC_9,SKU_10,SKU_10_Batch_2,117,15,4.686244318772839
DC_9,SKU_11,SKU_11_Batch_1,61,15,8.299549912971496
DC_9,SKU_11,SKU_11_Batch_2,80,16,8.59117178047396
DC_9,SKU_11,SKU_11_Batch_3,69,20,4.085551059842388
DC_9,SKU_11,SKU_11_Batch_4,365,8,5.486622659698697
DC_9,SKU_12,SKU_12_Batch_1,92,4,8.927468098380444
DC_9,SKU_12,SKU_12_Batch_2,109,25,1.9477233205524256
DC_9,SKU_12,SKU_12_Batch_3,336,21,9.057732176964176
DC_9,SKU_12,SKU_12_Batch_4,54,21,3.3630669380448195
DC_9,SKU_12,SKU_12_Batch_5,467,12,7.2675835758221945
DC_9,SKU_13,SKU_13_Batch_1,179,13,6.451689419269102
DC_9,SKU_14,SKU_14_Batch_1,302,26,6.199996359608643
DC_9,SKU_14,SKU_14_Batch_2,132,11,8.80456191039898
DC_9,SKU_15,SKU_15_Batch_1,198,11,2.363363220979621
DC_9,SKU_15,SKU_15_Batch_2,205,16,4.449738215267907
DC_9,SKU_15,SKU_15_Batch_3,420,9,6.075148343930508
DC_9,SKU_16,SKU_16_Batch_1,146,6,8.395955258541338
DC_9,SKU_16,SKU_16_Batch_2,309,9,3.3397662089992077
DC_9,SKU_16,SKU_16_Batch_3,89,19,8.324903651681348
DC_9,SKU_16,SKU_16_Batch_4,150,9,4.896927101198454
DC_9,SKU_17,SKU_17_Batch_1,357,22,3.1057677796864107
DC_9,SKU_17,SKU_17_Batch_2,469,8,7.951384743769602
DC_9,SKU_17,SKU_17_Batch_3,280,20,2.2726406625336564
DC_9,SKU_17,SKU_17_Batch_4,112,7,5.875522679641265
DC_9,SKU_18,SKU_18_Batch_1,240,5,2.0429441628260516
DC_9,SKU_18,SKU_18_Batch_2,56,29,4.529551768841195
DC_9,SKU_18,SKU_18_Batch_3,141,24,6.6091527915543375
DC_9,SKU_18,SKU_18_Batch_4,63,9,6.226982102641311
DC_9,SKU_19,SKU_19_Batch_1,135,7,4.939571052189665
DC_9,SKU_19,SKU_19_Batch_2,232,4,5.146907948762983
DC_9,SKU_19,SKU_19_Batch_3,111,29,3.427541203481516
DC_9,SKU_19,SKU_19_Batch_4,454,24,5.375002001604875
DC_9,SKU_19,SKU_19_Batch_5,279,17,9.602666273627092
DC_9,SKU_20,SKU_20_Batch_1,187,25,8.72884980116222
DC_9,SKU_20,SKU_20_Batch_2,363,26,2.734479387148922
DC_9,SKU_20,SKU_20_Batch_3,472,7,1.753136692227828
DC_9,SKU_20,SKU_20_Batch_4,114,15,9.43495665809136
DC_9,SKU_20,SKU_20_Batch_5,262,28,5.977372873986355
DC_9,SKU_21,SKU_21_Batch_1,262,23,6.071621496769116
DC_9,SKU_21,SKU_21_Batch_2,387,7,8.13610296350544
DC_9,SKU_22,SKU_22_Batch_1,209,6,4.174856277906276
DC_9,SKU_22,SKU_22_Batch_2,237,13,5.596214335106018
DC_9,SKU_22,SKU_22_Batch_3,240,23,9.73363476174727
DC_9,SKU_22,SKU_22_Batch_4,357,25,7.213263838925461
DC_9,SKU_22,SKU_22_Batch_5,166,28,2.8068327719641806
DC_9,SKU_23,SKU_23_Batch_1,83,22,2.632427357867003
DC_9,SKU_23,SKU_23_Batch_2,161,20,3.236250445830546
DC_9,SKU_23,SKU_23_Batch_3,281,5,8.017049232576099
DC_9,SKU_23,SKU_23_Batch_4,282,22,4.010704532645237
DC_9,SKU_24,SKU_24_Batch_1,471,12,1.6818051967381782
DC_9,SKU_24,SKU_24_Batch_2,70,12,9.525482089798126
DC_9,SKU_24,SKU_24_Batch_3,446,19,2.942564039356741
DC_9,SKU_24,SKU_24_Batch_4,154,19,1.581244582258583
DC_9,SKU_24,SKU_24_Batch_5,169,11,3.5156186202582456
DC_9,SKU_25,SKU_25_Batch_1,178,4,3.4977446905041365
DC_9,SKU_26,SKU_26_Batch_1,97,3,5.087044632188646
DC_9,SKU_26,SKU_26_Batch_2,59,20,9.323313567750313
DC_9,SKU_26,SKU_26_Batch_3,363,10,8.973071801122332
DC_9,SKU_26,SKU_26_Batch_4,326,13,5.3836037173506375
DC_9,SKU_27,SKU_27_Batch_1,313,29,4.992649192430355
DC_9,SKU_27,SKU_27_Batch_2,263,10,6.217577235036235
DC_9,SKU_28,SKU_28_Batch_1,128,19,3.569359101760009
DC_9,SKU_29,SKU_29_Batch_1,392,26,1.9435724317140841
DC_9,SKU_29,SKU_29_Batch_2,222,21,9.483405157455257
DC_9,SKU_29,SKU_29_Batch_3,118,14,3.086941371455968
DC_9,SKU_29,SKU_29_Batch_4,498,25,3.1864061985885894
DC_9,SKU_30,SKU_30_Batch_1,57,15,5.515912795258555
DC_9,SKU_30,SKU_30_Batch_2,249,27,5.678713431142811
DC_9,SKU_30,SKU_30_Batch_3,136,13,1.6566907824563066
DC_9,SKU_30,SKU_30_Batch_4,434,15,2.7576152795787507
DC_9,SKU_30,SKU_30_Batch_5,484,26,4.7143159577663045
DC_9,SKU_31,SKU_31_Batch_1,201,19,7.311710894839582
DC_9,SKU_31,SKU_31_Batch_2,182,22,3.4415568830714545
DC_9,SKU_31,SKU_31_Batch_3,326,10,5.095622793054982
DC_9,SKU_32,SKU_32_Batch_1,464,16,6.237433050089968
DC_9,SKU_32,SKU_32_Batch_2,277,13,9.053036204297982
DC_9,SKU_33,SKU_33_Batch_1,448,21,4.271599269780548
DC_9,SKU_33,SKU_33_Batch_2,440,21,2.6352452598396097
DC_9,SKU_33,SKU_33_Batch_3,77,21,5.65881392012967
DC_9,SKU_33,SKU_33_Batch_4,491,7,7.847133614314528
DC_9,SKU_34,SKU_34_Batch_1,399,24,2.433807934948234
DC_9,SKU_34,SKU_34_Batch_2,401,10,5.109809679424163
DC_9,SKU_34,SKU_34_Batch_3,369,12,1.6511737007311091
DC_9,SKU_34,SKU_34_Batch_4,87,17,1.7852530440016348
DC_9,SKU_34,SKU_34_Batch_5,417,19,5.605103587341658
DC_9,SKU_35,SKU_35_Batch_1,378,4,4.0346770342829
DC_9,SKU_36,SKU_36_Batch_1,98,6,8.683412041546003
DC_9,SKU_36,SKU_36_Batch_2,431,6,6.618311602074861
DC_9,SKU_37,SKU_37_Batch_1,218,27,5.3584301748154175
DC_9,SKU_38,SKU_38_Batch_1,168,20,4.967450653961519
DC_9,SKU_38,SKU_38_Batch_2,315,23,5.726586581611288
DC_9,SKU_39,SKU_39_Batch_1,189,29,1.8437300653076214
DC_9,SKU_39,SKU_39_Batch_2,307,24,9.08874352957561
DC_9,SKU_39,SKU_39_Batch_3,318,23,9.985576823738645
DC_9,SKU_39,SKU_39_Batch_4,209,18,3.0426405612989385
DC_9,SKU_40,SKU_40_Batch_1,275,13,2.5232552005842677
DC_9,SKU_40,SKU_40_Batch_2,59,17,2.7204084393130596
DC_9,SKU_40,SKU_40_Batch_3,322,10,7.118729994992121
DC_9,SKU_40,SKU_40_Batch_4,451,25,7.122247126831585
DC_9,SKU_41,SKU_41_Batch_1,202,10,8.707355379366494
DC_9,SKU_42,SKU_42_Batch_1,383,28,7.890524301623152
DC_9,SKU_42,SKU_42_Batch_2,163,24,5.322362223639388
DC_9,SKU_42,SKU_42_Batch_3,463,22,6.7092705733052105
DC_9,SKU_43,SKU_43_Batch_1,221,21,7.350419698128067
DC_9,SKU_43,SKU_43_Batch_2,223,19,5.858259997424414
DC_9,SKU_43,SKU_43_Batch_3,425,23,5.543033367838912
DC_9,SKU_43,SKU_43_Batch_4,171,25,6.983328287962553
DC_9,SKU_43,SKU_43_Batch_5,88,19,6.238533666293057
DC_9,SKU_44,SKU_44_Batch_1,282,17,6.973509595355238
DC_9,SKU_44,SKU_44_Batch_2,67,23,6.709265578688592
DC_9,SKU_44,SKU_44_Batch_3,446,23,7.613170764366065
DC_9,SKU_44,SKU_44_Batch_4,175,10,6.9638298246544466
DC_9,SKU_45,SKU_45_Batch_1,273,13,5.9178111347167714
DC_9,SKU_45,SKU_45_Batch_2,305,24,7.295272895917285
DC_9,SKU_45,SKU_45_Batch_3,199,13,5.320596704076138
DC_9,SKU_45,SKU_45_Batch_4,394,24,3.5542054207671088
DC_9,SKU_46,SKU_46_Batch_1,334,15,1.5120548711382815
DC_9,SKU_46,SKU_46_Batch_2,307,23,6.259695250739667
DC_9,SKU_46,SKU_46_Batch_3,485,29,6.520569426173449
DC_9,SKU_46,SKU_46_Batch_4,99,17,9.762416200593572
DC_9,SKU_47,SKU_47_Batch_1,456,26,4.572565839801342
DC_9,SKU_47,SKU_47_Batch_2,93,15,4.85013256404065
DC_9,SKU_47,SKU_47_Batch_3,327,13,3.2152964414086167
DC_9,SKU_48,SKU_48_Batch_1,238,3,2.0995415095172363
DC_9,SKU_48,SKU_48_Batch_2,233,5,8.068838189324795
DC_9,SKU_48,SKU_48_Batch_3,240,24,3.6222890468842626
DC_9,SKU_48,SKU_48_Batch_4,68,25,6.675691318755322
DC_9,SKU_48,SKU_48_Batch_5,462,9,7.346070802136593
DC_9,SKU_49,SKU_49_Batch_1,416,27,5.505511841979005
DC_9,SKU_49,SKU_49_Batch_2,177,7,8.948992960731129
DC_9,SKU_49,SKU_49_Batch_3,160,10,5.272256148327695
DC_9,SKU_49,SKU_49_Batch_4,411,28,3.9217232958550037
DC_9,SKU_50,SKU_50_Batch_1,413,7,9.116131945173791
DC_10,SKU_1,SKU_1_Batch_1,498,6,8.82329641612463
DC_10,SKU_1,SKU_1_Batch_2,153,5,2.8943395501495104
DC_10,SKU_1,SKU_1_Batch_3,273,12,1.720668656008328
DC_10,SKU_2,SKU_2_Batch_1,59,23,2.264877228971776
DC_10,SKU_2,SKU_2_Batch_2,433,16,3.935652887707445
DC_10,SKU_3,SKU_3_Batch_1,460,4,9.764208314804542
DC_10,SKU_3,SKU_3_Batch_2,474,18,6.247387301867013
DC_10,SKU_3,SKU_3_Batch_3,62,11,4.672724722248785
DC_10,SKU_4,SKU_4_Batch_1,469,24,9.054086804208344
DC_10,SKU_4,SKU_4_Batch_2,283,28,5.351658817567246
DC_10,SKU_4,SKU_4_Batch_3,363,24,4.1795283414086795
DC_10,SKU_4,SKU_4_Batch_4,61,19,9.500365994338088
DC_10,SKU_5,SKU_5_Batch_1,467,23,8.720900162637763
DC_10,SKU_6,SKU_6_Batch_1,69,13,8.671181191065248
DC_10,SKU_7,SKU_7_Batch_1,272,25,5.854420315926811
DC_10,SKU_7,SKU_7_Batch_2,119,26,8.210226389931368
DC_10,SKU_7,SKU_7_Batch_3,260,7,3.0245035537486906
DC_10,SKU_8,SKU_8_Batch_1,181,17,6.372395139228071
DC_10,SKU_8,SKU_8_Batch_2,430,6,9.862690344204138
DC_10,SKU_9,SKU_9_Batch_1,443,26,3.973146659402674
DC_10,SKU_9,SKU_9_Batch_2,276,28,8.251994798605239
DC_10,SKU_9,SKU_9_Batch_3,342,8,5.669066461268572
DC_10,SKU_9,SKU_9_Batch_4,359,10,1.8383483073877422
DC_10,SKU_10,SKU_10_Batch_1,251,8,7.985664881433173
DC_10,SKU_10,SKU_10_Batch_2,479,6,2.9328377273329584
DC_10,SKU_10,SKU_10_Batch_3,237,27,6.867525320628376
DC_10,SKU_10,SKU_10_Batch_4,478,22,2.2281456493992695
DC_10,SKU_10,SKU_10_Batch_5,322,25,9.548372878715702
DC_10,SKU_11,SKU_11_Batch_1,270,16,3.9796530410330675
DC_10,SKU_11,SKU_11_Batch_2,52,26,3.4249498792578565
DC_10,SKU_11,SKU_11_Batch_3,278,18,2.5976594345638415
DC_10,SKU_11,SKU_11_Batch_4,235,25,9.541018643381905
DC_10,SKU_12,SKU_12_Batch_1,437,26,7.5511818107510935
DC_10,SKU_12,SKU_12_Batch_2,303,26,7.804117554103754
DC_10,SKU_12,SKU_12_Batch_3,211,20,5.744938771732079
DC_10,SKU_12,SKU_12_Batch_4,452,21,5.535186174799109
DC_10,SKU_13,SKU_13_Batch_1,368,16,2.4351805654275513
DC_10,SKU_14,SKU_14_Batch_1,455,26,6.2586493124639295
DC_10,SKU_14,SKU_14_Batch_2,158,14,3.5987902084247185
DC_10,SKU_14,SKU_14_Batch_3,79,28,9.805735328803449
DC_10,SKU_15,SKU_15_Batch_1,464,6,8.270937990128752
DC_10,SKU_15,SKU_15_Batch_2,241,21,5.010432511639545
DC_10,SKU_15,SKU_15_Batch_3,481,15,2.7864006988780305
DC_10,SKU_15,SKU_15_Batch_4,277,25,8.175319374679663
DC_10,SKU_15,SKU_15_Batch_5,162,25,2.537457020191186
DC_10,SKU_16,SKU_16_Batch_1,195,22,3.109336904725099
DC_10,SKU_17,SKU_17_Batch_1,300,29,3.297924400825933
DC_10,SKU_18,SKU_18_Batch_1,362,24,6.233570425321302
DC_10,SKU_18,SKU_18_Batch_2,350,3,8.189981558918113
DC_10,SKU_18,SKU_18_Batch_3,450,8,4.171676469159884
DC_10,SKU_19,SKU_19_Batch_1,197,18,2.2196934213399597
DC_10,SKU_19,SKU_19_Batch_2,96,29,5.448576939957563
DC_10,SKU_19,SKU_19_Batch_3,448,8,7.858937049859452
DC_10,SKU_19,SKU_19_Batch_4,96,16,3.3841426662428002
DC_10,SKU_20,SKU_20_Batch_1,124,9,3.369358658334681
DC_10,SKU_20,SKU_20_Batch_2,186,28,9.551429732447042
DC_10,SKU_20,SKU_20_Batch_3,449,7,9.610306680513013
DC_10,SKU_20,SKU_20_Batch_4,110,12,9.9189587225234
DC_10,SKU_21,SKU_21_Batch_1,308,15,8.365106613385631
DC_10,SKU_21,SKU_21_Batch_2,156,19,3.099565437927537
DC_10,SKU_22,SKU_22_Batch_1,247,19,3.3018429267937215
DC_10,SKU_22,SKU_22_Batch_2,414,21,4.391914552940332
DC_10,SKU_22,SKU_22_Batch_3,294,21,4.204126516334672
DC_10,SKU_22,SKU_22_Batch_4,475,5,9.630485867163078
DC_10,SKU_22,SKU_22_Batch_5,351,28,8.207128854494396
DC_10,SKU_23,SKU_23_Batch_1,118,7,7.654074733373208
DC_10,SKU_23,SKU_23_Batch_2,98,23,3.08068740449412
DC_10,SKU_23,SKU_23_Batch_3,123,7,9.230967254579802
DC_10,SKU_24,SKU_24_Batch_1,119,28,8.536898225802478
DC_10,SKU_24,SKU_24_Batch_2,309,9,2.8909556512873515
DC_10,SKU_24,SKU_24_Batch_3,344,20,8.904947821668266
DC_10,SKU_24,SKU_24_Batch_4,468,3,3.814104059149006
DC_10,SKU_25,SKU_25_Batch_1,149,8,2.1873928395729014
DC_10,SKU_26,SKU_26_Batch_1,231,16,7.082989605370785
DC_10,SKU_27,SKU_27_Batch_1,413,27,7.057339604766811
DC_10,SKU_27,SKU_27_Batch_2,80,22,2.3069220813077536
DC_10,SKU_27,SKU_27_Batch_3,201,27,4.21024037596095
DC_10,SKU_27,SKU_27_Batch_4,85,23,9.938922929172078
DC_10,SKU_28,SKU_28_Batch_1,155,24,7.266626669574263
DC_10,SKU_28,SKU_28_Batch_2,269,9,7.705638916128298
DC_10,SKU_28,SKU_28_Batch_3,212,25,3.309796927636598
DC_10,SKU_28,SKU_28_Batch_4,269,16,2.1696476035332717
DC_10,SKU_29,SKU_29_Batch_1,385,18,3.85366436279797
DC_10,SKU_29,SKU_29_Batch_2,231,12,3.6156362741421315
DC_10,SKU_30,SKU_30_Batch_1,254,8,3.4936248563584513
DC_10,SKU_31,SKU_31_Batch_1,378,15,3.1384117360398363
DC_10,SKU_31,SKU_31_Batch_2,277,26,6.385423370570937
DC_10,SKU_31,SKU_31_Batch_3,156,22,4.288879544655485
DC_10,SKU_31,SKU_31_Batch_4,387,28,8.472932627904008
DC_10,SKU_32,SKU_32_Batch_1,490,23,3.063553051702764
DC_10,SKU_32,SKU_32_Batch_2,245,20,5.449330102382628
DC_10,SKU_32,SKU_32_Batch_3,466,29,1.6160916096216797
DC_10,SKU_33,SKU_33_Batch_1,209,26,5.594299740869133
DC_10,SKU_33,SKU_33_Batch_2,252,22,1.9746248774500323
DC_10,SKU_34,SKU_34_Batch_1,475,28,9.810649850917471
DC_10,SKU_34,SKU_34_Batch_2,425,16,8.22003309352851
DC_10,SKU_34,SKU_34_Batch_3,362,7,5.665947551409871
DC_10,SKU_34,SKU_34_Batch_4,363,23,2.2359925445244775
DC_10,SKU_34,SKU_34_Batch_5,131,7,6.535786246718521
DC_10,SKU_35,SKU_35_Batch_1,136,28,7.949491880965959
DC_10,SKU_35,SKU_35_Batch_2,470,26,3.121096650540335
DC_10,SKU_35,SKU_35_Batch_3,354,21,6.329770896693672
DC_10,SKU_36,SKU_36_Batch_1,394,23,8.420792636254378
DC_10,SKU_36,SKU_36_Batch_2,433,14,8.030106109993689
DC_10,SKU_36,SKU_36_Batch_3,494,11,8.3254321518708
DC_10,SKU_37,SKU_37_Batch_1,227,23,8.974249111392618
DC_10,SKU_38,SKU_38_Batch_1,432,12,9.470297868355498
DC_10,SKU_38,SKU_38_Batch_2,376,24,4.946929819230055
DC_10,SKU_38,SKU_38_Batch_3,338,19,6.334537371444457
DC_10,SKU_38,SKU_38_Batch_4,201,4,8.220605971387691
DC_10,SKU_39,SKU_39_Batch_1,491,13,7.425688418539157
DC_10,SKU_39,SKU_39_Batch_2,218,9,9.961921940247219
DC_10,SKU_39,SKU_39_Batch_3,135,19,1.6162600343894753
DC_10,SKU_39,SKU_39_Batch_4,66,4,4.518632330184221
DC_10,SKU_40,SKU_40_Batch_1,114,12,3.888737373296721
DC_10,SKU_40,SKU_40_Batch_2,390,7,3.729684726407044
DC_10,SKU_41,SKU_41_Batch_1,71,18,3.391503151240529
DC_10,SKU_41,SKU_41_Batch_2,106,4,7.527552646929447
DC_10,SKU_42,SKU_42_Batch_1,147,18,2.220455522840236
DC_10,SKU_42,SKU_42_Batch_2,417,21,7.803675088518376
DC_10,SKU_43,SKU_43_Batch_1,216,24,7.394119657138324
DC_10,SKU_43,SKU_43_Batch_2,125,26,3.631835126257619
DC_10,SKU_43,SKU_43_Batch_3,473,8,3.6490871569038705
DC_10,SKU_43,SKU_43_Batch_4,493,29,6.845314975428268
DC_10,SKU_43,SKU_43_Batch_5,187,5,7.978454396611261
DC_10,SKU_44,SKU_44_Batch_1,368,19,8.950127711242606
DC_10,SKU_44,SKU_44_Batch_2,497,9,8.743186292763044
DC_10,SKU_44,SKU_44_Batch_3,326,22,9.701505450392752
DC_10,SKU_45,SKU_45_Batch_1,432,6,6.441771610360345
DC_10,SKU_45,SKU_45_Batch_2,415,22,9.223572271393056
DC_10,SKU_46,SKU_46_Batch_1,128,24,8.372362822713491
DC_10,SKU_46,SKU_46_Batch_2,165,16,9.104674806669117
DC_10,SKU_46,SKU_46_Batch_3,460,11,1.5988261109256163
DC_10,SKU_46,SKU_46_Batch_4,217,28,9.710175430859394
DC_10,SKU_46,SKU_46_Batch_5,333,28,5.525006384195065
DC_10,SKU_47,SKU_47_Batch_1,496,4,8.284555411386165
DC_10,SKU_48,SKU_48_Batch_1,297,5,2.5812350143711376
DC_10,SKU_49,SKU_49_Batch_1,146,12,4.86549931441878
DC_10,SKU_49,SKU_49_Batch_2,276,8,3.807415635678423
DC_10,SKU_49,SKU_49_Batch_3,216,22,3.9790995492579646
DC_10,SKU_49,SKU_49_Batch_4,328,27,2.547672769582495
DC_10,SKU_50,SKU_50_Batch_1,227,13,8.34899257661556
DC_10,SKU_50,SKU_50_Batch_2,452,7,1.5785596739391643
DC_10,SKU_50,SKU_50_Batch_3,356,13,4.156296384374221
